User,Link,Clasificador1,Clasificador2,Clasificador3
Vivianclaros,https://twitter.com/Vivianclaros,Ninguno,Ninguno,Ninguno
leotwiteando,https://twitter.com/leotwiteando,Chavista,Chavista,Chavista
hildamarcm,https://twitter.com/hildamarcm,Chavista,Chavista,Chavista
albersi,https://twitter.com/albersi,Chavista,Chavista,Chavista
sofigom049,https://twitter.com/sofigom049,Chavista,Chavista,Chavista
tetetlauron,https://twitter.com/tetetlauron,Ninguno,Oposición,Ninguno
ROBERTSERRA_ANZ,https://twitter.com/ROBERTSERRA_ANZ,Chavista,Chavista,Chavista
nagp90,https://twitter.com/nagp90,Oposición,Oposición,Oposición
Aguacaticosj,https://twitter.com/Aguacaticosj,Chavista,Chavista,Chavista
Mdla28De,https://twitter.com/Mdla28De,Chavista,Chavista,Chavista
RedSocialista_,https://twitter.com/RedSocialista_,Chavista,Chavista,Chavista
RosaAlizo,https://twitter.com/RosaAlizo,Chavista,Chavista,Chavista
ffm_oficial,https://twitter.com/ffm_oficial,Chavista,Chavista,Chavista
AbuelaTuna,https://twitter.com/AbuelaTuna,Chavista,Chavista,Chavista
MujeresDeVargas,https://twitter.com/MujeresDeVargas,Chavista,Chavista,Chavista
mariacastilloo8,https://twitter.com/mariacastilloo8,Chavista,Chavista,Chavista
erlispalm,https://twitter.com/erlispalm,Ninguno,Ninguno,Ninguno
queralesrafa01,https://twitter.com/queralesrafa01,Chavista,Chavista,Chavista
LaVozdeMacarao,https://twitter.com/LaVozdeMacarao,Chavista,Chavista,Chavista
Luisantonia,https://twitter.com/Luisantonia,Chavista,Chavista,Chavista
bozajs1907,https://twitter.com/bozajs1907,Chavista,Chavista,Chavista
jraulhernandezi,https://twitter.com/jraulhernandezi,Oposición,Oposición,Oposición
riosche,https://twitter.com/riosche,Chavista,Chavista,Chavista
mlucia3022,https://twitter.com/mlucia3022,Chavista,Chavista,Chavista
IrisPoppinghaus,https://twitter.com/IrisPoppinghaus,Oposición,Oposición,Oposición
MarianRevo,https://twitter.com/MarianRevo,,,
PrietoNellmary,https://twitter.com/PrietoNellmary,Chavista,Chavista,Chavista
jormannufe,https://twitter.com/jormannufe,Chavista,Chavista,Chavista
elnuevo69,https://twitter.com/elnuevo69,Oposición,Oposición,Oposición
Navascity,https://twitter.com/Navascity,Chavista,Chavista,Chavista
aixacrudo,https://twitter.com/aixacrudo,Ninguno,Ninguno,Ninguno
lnr60,https://twitter.com/lnr60,Chavista,Chavista,Chavista
PatriqueLima,https://twitter.com/PatriqueLima,Ninguno,Ninguno,Ninguno
Lanzandomiflor,https://twitter.com/Lanzandomiflor,Chavista,Chavista,Chavista
RaimundoBriceno,https://twitter.com/RaimundoBriceno,Chavista,Chavista,Chavista
ArcidesInfante,https://twitter.com/ArcidesInfante,Chavista,Chavista,Chavista
Bemybluewings,https://twitter.com/Bemybluewings,Ninguno,Ninguno,Ninguno
Marticacuba,https://twitter.com/Marticacuba,Chavista,Chavista,Chavista
saludpsiangel,https://twitter.com/saludpsiangel,Chavista,Chavista,Chavista
salasjose7226,https://twitter.com/salasjose7226,Chavista,Chavista,Chavista
vzlarevolution,https://twitter.com/vzlarevolution,Chavista,Chavista,Chavista
domroberto,https://twitter.com/domroberto,Chavista,Chavista,Chavista
todopueblo,https://twitter.com/todopueblo,Chavista,Chavista,Chavista
Camarada35,https://twitter.com/Camarada35,Chavista,Chavista,Chavista
FDavid_,https://twitter.com/FDavid_,Oposición,Oposición,Oposición
AnaMovinet,https://twitter.com/AnaMovinet,,,
Dantor_8613,https://twitter.com/Dantor_8613,Chavista,Chavista,Chavista
LucasIturres98,https://twitter.com/LucasIturres98,Ninguno,Ninguno,Ninguno
VerdeGermanSRT,https://twitter.com/VerdeGermanSRT,Ninguno,Ninguno,Ninguno
ClapLamas,https://twitter.com/ClapLamas,Chavista,Chavista,Chavista
BolipuertosEB,https://twitter.com/BolipuertosEB,Chavista,Chavista,Chavista
PalabradeChavez,https://twitter.com/PalabradeChavez,Chavista,Chavista,Chavista
RICARDOJVS,https://twitter.com/RICARDOJVS,Chavista,Chavista,Chavista
SATELITEDELI,https://twitter.com/SATELITEDELI,Chavista,Chavista,Chavista
rebewill,https://twitter.com/rebewill,Chavista,Chavista,Chavista
ArmandoTMdz,https://twitter.com/ArmandoTMdz,Chavista,Chavista,Chavista
badell213,https://twitter.com/badell213,Chavista,Chavista,Chavista
yhjady,https://twitter.com/yhjady,Chavista,Chavista,Chavista
FlorFM907,https://twitter.com/FlorFM907,Chavista,Chavista,Chavista
miguel_useche,https://twitter.com/miguel_useche,Oposición,Oposición,Oposición
TonyParley,https://twitter.com/TonyParley,Ninguno,Ninguno,Ninguno
redonamerida,https://twitter.com/redonamerida,Chavista,Chavista,Chavista
punchiluppyjose,https://twitter.com/punchiluppyjose,Chavista,Chavista,Chavista
loliquijana,https://twitter.com/loliquijana,Chavista,Chavista,Chavista
DIR_IAPOLEBNE,https://twitter.com/DIR_IAPOLEBNE,Chavista,Chavista,Chavista
Amilcar345,https://twitter.com/Amilcar345,Ninguno,Ninguno,Ninguno
katy34jfg,https://twitter.com/katy34jfg,Chavista,Chavista,Chavista
Marialfonzo_,https://twitter.com/Marialfonzo_,Chavista,Chavista,Chavista
jmgolindano,https://twitter.com/jmgolindano,Chavista,Chavista,Chavista
yolandafgomez,https://twitter.com/yolandafgomez,Chavista,Chavista,Chavista
danielvozmarca,https://twitter.com/danielvozmarca,Ninguno,Ninguno,Ninguno
PULALEX,https://twitter.com/PULALEX,Chavista,Chavista,Chavista
max_arlekin,https://twitter.com/max_arlekin,Chavista,Chavista,Chavista
psuvcapinel,https://twitter.com/psuvcapinel,Chavista,Chavista,Chavista
angelesdeabril,https://twitter.com/angelesdeabril,Chavista,Chavista,Chavista
srabellayfeliz,https://twitter.com/srabellayfeliz,Chavista,Chavista,Chavista
andreserranito,https://twitter.com/andreserranito,Chavista,Chavista,Chavista
colordeltiempo,https://twitter.com/colordeltiempo,Oposición,Oposición,Oposición
naciracamero,https://twitter.com/naciracamero,Ninguno,Ninguno,Ninguno
fcreadoresm,https://twitter.com/fcreadoresm,Chavista,Chavista,Chavista
insaisocioand3,https://twitter.com/insaisocioand3,Chavista,Chavista,Chavista
fasganzve,https://twitter.com/fasganzve,,,
MoisesEnLinea,https://twitter.com/MoisesEnLinea,Chavista,Chavista,Chavista
Tomas_PSUV,https://twitter.com/Tomas_PSUV,Chavista,Chavista,Chavista
Betodetoma,https://twitter.com/Betodetoma,Chavista,Chavista,Chavista
lmcimadevilla,https://twitter.com/lmcimadevilla,Oposición,Oposición,Oposición
arpon718,https://twitter.com/arpon718,Chavista,Chavista,Chavista
ejmcv,https://twitter.com/ejmcv,Chavista,Chavista,Chavista
LinaresGioandre,https://twitter.com/LinaresGioandre,Chavista,Chavista,Chavista
ddhhsucre1,https://twitter.com/ddhhsucre1,Chavista,Chavista,Chavista
laquehablaclaro,https://twitter.com/laquehablaclaro,Chavista,Chavista,Chavista
luisjimenezg,https://twitter.com/luisjimenezg,Oposición,Oposición,Oposición
yennyrejesed1,https://twitter.com/yennyrejesed1,Chavista,Chavista,Chavista
angelitovar,https://twitter.com/angelitovar,Chavista,Chavista,Chavista
andrymarcampos1,https://twitter.com/andrymarcampos1,,,
ileanaypunto,https://twitter.com/ileanaypunto,Chavista,Chavista,Chavista
MairyVillarroel,https://twitter.com/MairyVillarroel,Oposición,Oposición,Oposición
AlejandroIPASME,https://twitter.com/AlejandroIPASME,Chavista,Chavista,Chavista
arroyoedgar10,https://twitter.com/arroyoedgar10,Chavista,Chavista,Chavista
Salud_Potencia,https://twitter.com/Salud_Potencia,Chavista,Chavista,Chavista
Im_Socialist,https://twitter.com/Im_Socialist,Chavista,Chavista,Chavista
antoraface,https://twitter.com/antoraface,Chavista,Chavista,Chavista
mjprsaragua,https://twitter.com/mjprsaragua,Chavista,Chavista,Chavista
EllaMandragora,https://twitter.com/EllaMandragora,Chavista,Chavista,Chavista
elnegrojulio,https://twitter.com/elnegrojulio,Ninguno,Ninguno,Ninguno
AliexerV,https://twitter.com/AliexerV,Chavista,Chavista,Chavista
rpkampuchea,https://twitter.com/rpkampuchea,Chavista,Chavista,Chavista
JulioBorjesPJus,https://twitter.com/JulioBorjesPJus,Chavista,Chavista,Chavista
gustaury,https://twitter.com/gustaury,Chavista,Chavista,Chavista
stell35,https://twitter.com/stell35,Ninguno,Ninguno,Ninguno
jeoffreyali,https://twitter.com/jeoffreyali,Chavista,Chavista,Chavista
CharmeAlexandre,https://twitter.com/CharmeAlexandre,Oposición,Oposición,Oposición
lirixi,https://twitter.com/lirixi,Chavista,Chavista,Chavista
RaudelRoque,https://twitter.com/RaudelRoque,Chavista,Chavista,Chavista
SomosSaludEn3D,https://twitter.com/SomosSaludEn3D,,,
KennyDesiree,https://twitter.com/KennyDesiree,Chavista,Chavista,Chavista
Samariluz13,https://twitter.com/Samariluz13,Oposición,Oposición,Oposición
Yanethcgp,https://twitter.com/Yanethcgp,Chavista,Chavista,Chavista
cruzreych,https://twitter.com/cruzreych,Chavista,Chavista,Chavista
CcsConJorge,https://twitter.com/CcsConJorge,Chavista,Chavista,Chavista
Emiliroja,https://twitter.com/Emiliroja,Chavista,Chavista,Chavista
DANIEL_BOLIVARP,https://twitter.com/DANIEL_BOLIVARP,Chavista,Chavista,Chavista
estanislaograci,https://twitter.com/estanislaograci,Chavista,Chavista,Chavista
Santos_R_,https://twitter.com/Santos_R_,Chavista,Chavista,Chavista
fakuston22,https://twitter.com/fakuston22,Chavista,Chavista,Chavista
cirmilAPURE,https://twitter.com/cirmilAPURE,Chavista,Chavista,Chavista
AvilatvSuena,https://twitter.com/AvilatvSuena,Chavista,Chavista,Chavista
JorgeOsorioGran,https://twitter.com/JorgeOsorioGran,Chavista,Chavista,Chavista
zulymolina,https://twitter.com/zulymolina,Chavista,Chavista,Chavista
gatotrueno_u,https://twitter.com/gatotrueno_u,Chavista,Chavista,Chavista
merioconvos,https://twitter.com/merioconvos,Chavista,Chavista,Chavista
Anirak1812,https://twitter.com/Anirak1812,Chavista,Chavista,Chavista
106PDVSAFm,https://twitter.com/106PDVSAFm,Chavista,Chavista,Chavista
coti_antonio,https://twitter.com/coti_antonio,Chavista,Chavista,Chavista
Masquesinforosa,https://twitter.com/Masquesinforosa,Chavista,Chavista,Chavista
batallon51truj,https://twitter.com/batallon51truj,Chavista,Chavista,Chavista
equilibriolegal,https://twitter.com/equilibriolegal,Chavista,Chavista,Chavista
Assad__14,https://twitter.com/Assad__14,Ninguno,Ninguno,Ninguno
lhleons,https://twitter.com/lhleons,Chavista,Chavista,Chavista
portilloarmand2,https://twitter.com/portilloarmand2,,,
DragonRed44,https://twitter.com/DragonRed44,Chavista,Chavista,Chavista
netgcandanga,https://twitter.com/netgcandanga,Chavista,Chavista,Chavista
ani_atagua,https://twitter.com/ani_atagua,Chavista,Chavista,Chavista
rasapasil,https://twitter.com/rasapasil,Chavista,Chavista,Chavista
estrellavRoja,https://twitter.com/estrellavRoja,Chavista,Chavista,Chavista
artillerovalera,https://twitter.com/artillerovalera,Chavista,Chavista,Chavista
PATARUCOKING,https://twitter.com/PATARUCOKING,Chavista,Chavista,Chavista
avaldiviacuba,https://twitter.com/avaldiviacuba,Chavista,Chavista,Chavista
sorainel_c,https://twitter.com/sorainel_c,Chavista,Chavista,Chavista
apontecoronel,https://twitter.com/apontecoronel,Chavista,Chavista,Chavista
wantoncita,https://twitter.com/wantoncita,Chavista,Chavista,Chavista
RSuarez2411,https://twitter.com/RSuarez2411,Chavista,Chavista,Chavista
Debo_Rios,https://twitter.com/Debo_Rios,Chavista,Chavista,Chavista
garciasantiago,https://twitter.com/garciasantiago,Oposición,Oposición,Oposición
MarencoLais,https://twitter.com/MarencoLais,Chavista,Chavista,Chavista
PedroPadrino2,https://twitter.com/PedroPadrino2,Chavista,Chavista,Chavista
chavarriana,https://twitter.com/chavarriana,Chavista,Chavista,Chavista
ceup_zez,https://twitter.com/ceup_zez,Chavista,Chavista,Chavista
ArizZPersonaje,https://twitter.com/ArizZPersonaje,Chavista,Chavista,Chavista
PaulLaCarte,https://twitter.com/PaulLaCarte,,,
lopesaura NatGeo,https://twitter.com/lopesaura NatGeo,Oposición,Oposición,Oposición
Nuerlis18,https://twitter.com/Nuerlis18,Chavista,Chavista,Chavista
Robinson_Mir,https://twitter.com/Robinson_Mir,Chavista,Chavista,Chavista
Jose_Gonzalez02,https://twitter.com/Jose_Gonzalez02,Chavista,Chavista,Chavista
NOTICHAVISTA4,https://twitter.com/NOTICHAVISTA4,Chavista,Chavista,Chavista
JavierHuertaF,https://twitter.com/JavierHuertaF,Chavista,Chavista,Chavista
CarlosGarzon_1,https://twitter.com/CarlosGarzon_1,Chavista,Chavista,Chavista
Aracelislorenzo,https://twitter.com/Aracelislorenzo,Ninguno,Ninguno,Ninguno
carpezatboedo,https://twitter.com/carpezatboedo,Chavista,Chavista,Chavista
JavierMolinaG,https://twitter.com/JavierMolinaG,Ninguno,Ninguno,Ninguno
MisionRibasCoj,https://twitter.com/MisionRibasCoj,Chavista,Chavista,Chavista
SergioLGH,https://twitter.com/SergioLGH,,,
rerm2,https://twitter.com/rerm2,Chavista,Chavista,Chavista
MBF_LasCocuizas,https://twitter.com/MBF_LasCocuizas,Chavista,Chavista,Chavista
CarlosMusicLive,https://twitter.com/CarlosMusicLive,Chavista,Chavista,Chavista
VaillantBeatriz,https://twitter.com/VaillantBeatriz,Chavista,Chavista,Chavista
JR_Anzoategui,https://twitter.com/JR_Anzoategui,Chavista,Chavista,Chavista
saaronos,https://twitter.com/saaronos,Oposición,Oposición,Oposición
BrachoSaid,https://twitter.com/BrachoSaid,Chavista,Chavista,Chavista
danieldediaz,https://twitter.com/danieldediaz,Oposición,Ninguno,Ninguno
GrowUPeople,https://twitter.com/GrowUPeople,Chavista,Chavista,Chavista
rossiekch,https://twitter.com/rossiekch,Chavista,Chavista,Chavista
MppjdMonagas,https://twitter.com/MppjdMonagas,,,
Alebonda,https://twitter.com/Alebonda,Chavista,Chavista,Chavista
terminalheres,https://twitter.com/terminalheres,Chavista,Chavista,Chavista
ayalarevolucion,https://twitter.com/ayalarevolucion,Chavista,Chavista,Chavista
Mision_Milagro,https://twitter.com/Mision_Milagro,Chavista,Chavista,Chavista
luisolmedoyunko,https://twitter.com/luisolmedoyunko,Chavista,Chavista,Chavista
TachiraProcu,https://twitter.com/TachiraProcu,Chavista,Chavista,Chavista
EsteEsAlejandro,https://twitter.com/EsteEsAlejandro,Oposición,Oposición,Oposición
reddssavzla,https://twitter.com/reddssavzla,,,
SaritaLaRavelo,https://twitter.com/SaritaLaRavelo,Oposición,Oposición,Oposición
PsuvPeriodista1,https://twitter.com/PsuvPeriodista1,Chavista,Chavista,Chavista
comunamadre2_0,https://twitter.com/comunamadre2_0,Chavista,Chavista,Chavista
EnLaMiraTeTengo,https://twitter.com/EnLaMiraTeTengo,Chavista,Chavista,Chavista
loloparedes,https://twitter.com/loloparedes,Chavista,Chavista,Chavista
AucaenCayohueso,https://twitter.com/AucaenCayohueso,Chavista,Chavista,Chavista
ADI411CATIA,https://twitter.com/ADI411CATIA,Chavista,Chavista,Chavista
FSULSONA,https://twitter.com/FSULSONA,Ninguno,Ninguno,Ninguno
Abel_xx,https://twitter.com/Abel_xx,Chavista,Chavista,Chavista
Cafe_Criollo,https://twitter.com/Cafe_Criollo,,,
procuraduriayar,https://twitter.com/procuraduriayar,Chavista,Chavista,Chavista
benitezluz5221,https://twitter.com/benitezluz5221,Chavista,Chavista,Chavista
andrealowe_,https://twitter.com/andrealowe_,Ninguno,Oposición,Ninguno
UnamujerFalcon,https://twitter.com/UnamujerFalcon,Chavista,Chavista,Chavista
Vhzg15,https://twitter.com/Vhzg15,Chavista,Chavista,Chavista
olcema,https://twitter.com/olcema,Chavista,Chavista,Chavista
JusmaryMendozaR,https://twitter.com/JusmaryMendozaR,,,
combatientes20,https://twitter.com/combatientes20,Chavista,Chavista,Chavista
graberner,https://twitter.com/graberner,Chavista,Chavista,Chavista
Psuv_Lagunillas,https://twitter.com/Psuv_Lagunillas,Chavista,Chavista,Chavista
sortopia,https://twitter.com/sortopia,Chavista,Chavista,Chavista
renebarros89,https://twitter.com/renebarros89,Chavista,Chavista,Chavista
LeonteCarruyo,https://twitter.com/LeonteCarruyo,Chavista,Chavista,Chavista
campesinopatria,https://twitter.com/campesinopatria,Chavista,Chavista,Chavista
AduanaPtocabell,https://twitter.com/AduanaPtocabell,Chavista,Chavista,Chavista
felixcamacaro,https://twitter.com/felixcamacaro,Chavista,Chavista,Chavista
canaloc,https://twitter.com/canaloc,Chavista,Chavista,Chavista
ritchmontilla,https://twitter.com/ritchmontilla,Oposición,Oposición,Oposición
FrankmanuelG,https://twitter.com/FrankmanuelG,Chavista,Chavista,Chavista
irizbel,https://twitter.com/irizbel,Chavista,Chavista,Chavista
PMolavarria,https://twitter.com/PMolavarria,Chavista,Chavista,Chavista
AntonioHerrada1,https://twitter.com/AntonioHerrada1,Chavista,Chavista,Chavista
jrzambranop,https://twitter.com/jrzambranop,Chavista,Chavista,Chavista
PyResisteMadrid,https://twitter.com/PyResisteMadrid,Chavista,Chavista,Chavista
sundde_ve,https://twitter.com/sundde_ve,Chavista,Chavista,Chavista
Atlantico145,https://twitter.com/Atlantico145,Chavista,Chavista,Chavista
DanieloJPSUV,https://twitter.com/DanieloJPSUV,Chavista,Chavista,Chavista
LuisGer705,https://twitter.com/LuisGer705,Chavista,Chavista,Chavista
juako2001,https://twitter.com/juako2001,Chavista,Chavista,Chavista
FloraMendoza,https://twitter.com/FloraMendoza,Chavista,Chavista,Chavista
ottoaaron,https://twitter.com/ottoaaron,Chavista,Chavista,Chavista
hidrollanos1,https://twitter.com/hidrollanos1,Chavista,Chavista,Chavista
CamaradaFuser,https://twitter.com/CamaradaFuser,Chavista,Chavista,Chavista
pinfantea,https://twitter.com/pinfantea,Chavista,Chavista,Chavista
Martinez20Yesi,https://twitter.com/Martinez20Yesi,Ninguno,Ninguno,Ninguno
JJTheBlack03,https://twitter.com/JJTheBlack03,Chavista,Chavista,Chavista
prensaccs_ubv,https://twitter.com/prensaccs_ubv,Chavista,Chavista,Chavista
j14monteto,https://twitter.com/j14monteto,Chavista,Chavista,Chavista
MariaJosParraG2,https://twitter.com/MariaJosParraG2,Chavista,Chavista,Chavista
BlanPatri,https://twitter.com/BlanPatri,Chavista,Chavista,Chavista
FUNDAIMAGEN1,https://twitter.com/FUNDAIMAGEN1,Chavista,Chavista,Chavista
AnabelNicaragua,https://twitter.com/AnabelNicaragua,,,
cucugt1,https://twitter.com/cucugt1,Oposición,Oposición,Oposición
meyerjm1,https://twitter.com/meyerjm1,Chavista,Chavista,Chavista
losodiomalditos,https://twitter.com/losodiomalditos,,,
SOY_PROLETARIA,https://twitter.com/SOY_PROLETARIA,Chavista,Chavista,Chavista
IvanDarioDuque,https://twitter.com/IvanDarioDuque,Chavista,Chavista,Chavista
pdibacco,https://twitter.com/pdibacco,Chavista,Chavista,Chavista
JAQUELINLIRA,https://twitter.com/JAQUELINLIRA,Chavista,Chavista,Chavista
JCMAVILA1984,https://twitter.com/JCMAVILA1984,Chavista,Chavista,Chavista
Frankcubarp,https://twitter.com/Frankcubarp,Chavista,Chavista,Chavista
difrancobastida,https://twitter.com/difrancobastida,Chavista,Chavista,Chavista
Integ812,https://twitter.com/Integ812,Chavista,Chavista,Chavista
Yo_Erastria,https://twitter.com/Yo_Erastria,Chavista,Chavista,Chavista
magabynp1,https://twitter.com/magabynp1,Chavista,Chavista,Chavista
ClapCordoba,https://twitter.com/ClapCordoba,Chavista,Chavista,Chavista
enrike301,https://twitter.com/enrike301,Chavista,Chavista,Chavista
earmasVE,https://twitter.com/earmasVE,Chavista,Chavista,Chavista
RAQUELSARAI17,https://twitter.com/RAQUELSARAI17,Chavista,Chavista,Chavista
EmbaCubaNorueg,https://twitter.com/EmbaCubaNorueg,Chavista,Chavista,Chavista
DEIRCHER,https://twitter.com/DEIRCHER,Chavista,Chavista,Chavista
BettyRivas1956,https://twitter.com/BettyRivas1956,Chavista,Chavista,Chavista
rubencorredor,https://twitter.com/rubencorredor,Chavista,Chavista,Chavista
Alcaldia_Sucre,https://twitter.com/Alcaldia_Sucre,Chavista,Chavista,Chavista
LJRodriguezR,https://twitter.com/LJRodriguezR,Oposición,Oposición,Oposición
explosivayclara,https://twitter.com/explosivayclara,Chavista,Chavista,Chavista
YennyAponte10,https://twitter.com/YennyAponte10,Chavista,Chavista,Chavista
esnaya,https://twitter.com/esnaya,Ninguno,Oposición,Ninguno
AJVD2815,https://twitter.com/AJVD2815,Oposición,Oposición,Oposición
ALCIDESCORRALES,https://twitter.com/ALCIDESCORRALES,Chavista,Chavista,Chavista
La_beba41184,https://twitter.com/La_beba41184,Chavista,Chavista,Chavista
florsalum,https://twitter.com/florsalum,Ninguno,Ninguno,Ninguno
YusbeilyM,https://twitter.com/YusbeilyM,Chavista,Chavista,Chavista
ClapCamoruco2,https://twitter.com/ClapCamoruco2,Chavista,Chavista,Chavista
espinarosa0,https://twitter.com/espinarosa0,Chavista,Chavista,Chavista
AdrianaFontan20,https://twitter.com/AdrianaFontan20,Chavista,Chavista,Chavista
cheoguevara50,https://twitter.com/cheoguevara50,Oposición,Oposición,Oposición
vientosdelsur70,https://twitter.com/vientosdelsur70,Chavista,Chavista,Chavista
JCMEZA81,https://twitter.com/JCMEZA81,Ninguno,Chavista,Ninguno
clapradiovalle,https://twitter.com/clapradiovalle,Chavista,Chavista,Chavista
jimmyfranck1,https://twitter.com/jimmyfranck1,Chavista,Chavista,Chavista
el_rubio61,https://twitter.com/el_rubio61,Chavista,Chavista,Chavista
TJ0taG,https://twitter.com/TJ0taG,Oposición,Oposición,Oposición
chicoritoortiz,https://twitter.com/chicoritoortiz,Chavista,Chavista,Chavista
YudmiraGuevara,https://twitter.com/YudmiraGuevara,Chavista,Chavista,Chavista
MinasDelCallao,https://twitter.com/MinasDelCallao,,,
mortefortiores,https://twitter.com/mortefortiores,Oposición,Oposición,Oposición
bernardamujika,https://twitter.com/bernardamujika,Chavista,Chavista,Chavista
YinetteGm,https://twitter.com/YinetteGm,Chavista,Chavista,Chavista
Strellarojacr,https://twitter.com/Strellarojacr,Chavista,Chavista,Chavista
Simon_A_Wood,https://twitter.com/Simon_A_Wood,Ninguno,Ninguno,Ninguno
peralesjj11,https://twitter.com/peralesjj11,Chavista,Chavista,Chavista
Angelica_Viera,https://twitter.com/Angelica_Viera,Chavista,Chavista,Chavista
APampliega,https://twitter.com/APampliega,Ninguno,Ninguno,Ninguno
SGGBOLIVAR,https://twitter.com/SGGBOLIVAR,Chavista,Chavista,Chavista
alberto_vzla200,https://twitter.com/alberto_vzla200,Chavista,Chavista,Chavista
prensafmp,https://twitter.com/prensafmp,Chavista,Chavista,Chavista
BSNPSUV,https://twitter.com/BSNPSUV,Chavista,Chavista,Chavista
tirinban,https://twitter.com/tirinban,Chavista,Chavista,Chavista
javh78,https://twitter.com/javh78,Chavista,Chavista,Chavista
angelaalida,https://twitter.com/angelaalida,Chavista,Chavista,Chavista
Jacksenita,https://twitter.com/Jacksenita,Chavista,Chavista,Chavista
AnzSalta,https://twitter.com/AnzSalta,Chavista,Chavista,Chavista
Avila65Lopez,https://twitter.com/Avila65Lopez,Chavista,Chavista,Chavista
ESPCQuibor,https://twitter.com/ESPCQuibor,Chavista,Chavista,Chavista
JGMPCHE,https://twitter.com/JGMPCHE,Chavista,Chavista,Chavista
SantiagoArde,https://twitter.com/SantiagoArde,Chavista,Chavista,Chavista
mcolozzal_2,https://twitter.com/mcolozzal_2,,,
NicolasArambulo,https://twitter.com/NicolasArambulo,Oposición,Oposición,Oposición
Skatenny,https://twitter.com/Skatenny,Chavista,Oposición,Chavista
HarryPerezG,https://twitter.com/HarryPerezG,Chavista,Chavista,Chavista
abel_RPerez,https://twitter.com/abel_RPerez,Chavista,Chavista,Chavista
revolucionmarin,https://twitter.com/revolucionmarin,Chavista,Chavista,Chavista
josefede10,https://twitter.com/josefede10,Chavista,Chavista,Chavista
GNB_ZuliaD119,https://twitter.com/GNB_ZuliaD119,Chavista,Chavista,Chavista
cosimare,https://twitter.com/cosimare,Oposición,Oposición,Oposición
MairimRuiz,https://twitter.com/MairimRuiz,Chavista,Chavista,Chavista
SaIaZESucre,https://twitter.com/SaIaZESucre,Chavista,Chavista,Chavista
chavezvive_vive,https://twitter.com/chavezvive_vive,Chavista,Chavista,Chavista
Mayesocialista,https://twitter.com/Mayesocialista,Chavista,Chavista,Chavista
_maryrondons,https://twitter.com/_maryrondons,Chavista,Chavista,Chavista
ROBERTOCHAVEZFU,https://twitter.com/ROBERTOCHAVEZFU,Chavista,Chavista,Chavista
SAREN_FA329,https://twitter.com/SAREN_FA329,Chavista,Chavista,Chavista
maydee2626,https://twitter.com/maydee2626,,,
RegPub432,https://twitter.com/RegPub432,Chavista,Chavista,Chavista
PamelaValdezG2,https://twitter.com/PamelaValdezG2,Chavista,Chavista,Chavista
Infooyorks,https://twitter.com/Infooyorks,Chavista,Chavista,Chavista
SIxCUBA,https://twitter.com/SIxCUBA,Chavista,Chavista,Chavista
jcm19831,https://twitter.com/jcm19831,Chavista,Chavista,Chavista
Franciscopirizc,https://twitter.com/Franciscopirizc,Ninguno,Ninguno,Ninguno
ejavierds,https://twitter.com/ejavierds,Chavista,Chavista,Chavista
ElizaidaLucena,https://twitter.com/ElizaidaLucena,Chavista,Chavista,Chavista
CandangueraR,https://twitter.com/CandangueraR,Chavista,Chavista,Chavista
Lordess_PsUV,https://twitter.com/Lordess_PsUV,Chavista,Chavista,Chavista
minestorres,https://twitter.com/minestorres,Chavista,Chavista,Chavista
reyarmasve,https://twitter.com/reyarmasve,Chavista,Chavista,Chavista
jcrquiroga,https://twitter.com/jcrquiroga,Chavista,Chavista,Chavista
angelojuventud,https://twitter.com/angelojuventud,Chavista,Chavista,Chavista
LaVerdadCandela,https://twitter.com/LaVerdadCandela,Chavista,Chavista,Chavista
Vivianclaros,https://twitter.com/Vivianclaros,Ninguno,Chavista,Ninguno
yoaxypalma,https://twitter.com/yoaxypalma,Chavista,Chavista,Chavista
elzamuro55,https://twitter.com/elzamuro55,Oposición,Oposición,Oposición
FidelidadACuba,https://twitter.com/FidelidadACuba,Chavista,Chavista,Chavista
elarivas5,https://twitter.com/elarivas5,Chavista,Chavista,Chavista
Minhvi_GestionS,https://twitter.com/Minhvi_GestionS,Chavista,Chavista,Chavista
gasyaracuy,https://twitter.com/gasyaracuy,Chavista,Chavista,Chavista
JoseFigueraAlc,https://twitter.com/JoseFigueraAlc,Chavista,Chavista,Chavista
LeonardoDGrosso,https://twitter.com/LeonardoDGrosso,Chavista,Chavista,Chavista
DaicisLpez,https://twitter.com/DaicisLpez,Chavista,Chavista,Chavista
Treph171,https://twitter.com/Treph171,Chavista,Chavista,Chavista
gustavoriveroc,https://twitter.com/gustavoriveroc,Chavista,Chavista,Chavista
liliboss,https://twitter.com/liliboss,Chavista,Chavista,Chavista
JovenDelBarrio,https://twitter.com/JovenDelBarrio,Chavista,Chavista,Chavista
mevenmerida,https://twitter.com/mevenmerida,Chavista,Chavista,Chavista
Luwin2525,https://twitter.com/Luwin2525,Chavista,Chavista,Chavista
japo_jesus,https://twitter.com/japo_jesus,Chavista,Chavista,Chavista
Mppc_Aragua,https://twitter.com/Mppc_Aragua,Chavista,Chavista,Chavista
AlfrenidePalma,https://twitter.com/AlfrenidePalma,Chavista,Chavista,Chavista
GuaricoTV,https://twitter.com/GuaricoTV,Chavista,Chavista,Chavista
alejandradc221,https://twitter.com/alejandradc221,Chavista,Chavista,Chavista
rauss_chavista,https://twitter.com/rauss_chavista,Chavista,Chavista,Chavista
ClapAccionP,https://twitter.com/ClapAccionP,,,
olga_eze,https://twitter.com/olga_eze,Chavista,Chavista,Chavista
alasojo,https://twitter.com/alasojo,Chavista,Chavista,Chavista
KARLAPSUV,https://twitter.com/KARLAPSUV,Chavista,Chavista,Chavista
geibith,https://twitter.com/geibith,Ninguno,Ninguno,Ninguno
pastaycaraota,https://twitter.com/pastaycaraota,Chavista,Chavista,Chavista
Guillermomes1,https://twitter.com/Guillermomes1,Chavista,Chavista,Chavista
JuvBASGuanipa,https://twitter.com/JuvBASGuanipa,Chavista,Chavista,Chavista
RaulTweet,https://twitter.com/RaulTweet,Oposición,Oposición,Oposición
Aristobulo_Psuv,https://twitter.com/Aristobulo_Psuv,Chavista,Chavista,Chavista
UdeLaHabana,https://twitter.com/UdeLaHabana,Chavista,Chavista,Chavista
CamacaroMa,https://twitter.com/CamacaroMa,Chavista,Chavista,Chavista
charod858,https://twitter.com/charod858,Chavista,Chavista,Chavista
monica0392,https://twitter.com/monica0392,Ninguno,Ninguno,Ninguno
Funda_fertil,https://twitter.com/Funda_fertil,Chavista,Chavista,Chavista
paty12pa,https://twitter.com/paty12pa,Oposición,Oposición,Oposición
GMHP_IRIBARREN,https://twitter.com/GMHP_IRIBARREN,Chavista,Chavista,Chavista
librevidavzla,https://twitter.com/librevidavzla,Oposición,Oposición,Oposición
yelitzap11,https://twitter.com/yelitzap11,Chavista,Chavista,Chavista
SergioEnDirecto,https://twitter.com/SergioEnDirecto,Chavista,Chavista,Chavista
Degouveiajose28,https://twitter.com/Degouveiajose28,Chavista,Chavista,Chavista
AnaGPinto1,https://twitter.com/AnaGPinto1,Chavista,Chavista,Chavista
fjmartinez15,https://twitter.com/fjmartinez15,Chavista,Chavista,Chavista
anabelmandinga,https://twitter.com/anabelmandinga,Chavista,Chavista,Chavista
victor35rodri,https://twitter.com/victor35rodri,Chavista,Chavista,Chavista
minhvi_plan,https://twitter.com/minhvi_plan,Chavista,Chavista,Chavista
pedromateran,https://twitter.com/pedromateran,Oposición,Oposición,Oposición
ASBLaTrinidad,https://twitter.com/ASBLaTrinidad,Chavista,Chavista,Chavista
Inforrreal,https://twitter.com/Inforrreal,Chavista,Chavista,Chavista
dlinaresv,https://twitter.com/dlinaresv,Chavista,Chavista,Chavista
celiacubana2017,https://twitter.com/celiacubana2017,Chavista,Chavista,Chavista
abrilviaggio,https://twitter.com/abrilviaggio,Ninguno,Ninguno,Ninguno
alonzogarcia33,https://twitter.com/alonzogarcia33,Chavista,Chavista,Chavista
ficguiria2017,https://twitter.com/ficguiria2017,Chavista,Chavista,Chavista
TonyBLancoMusic,https://twitter.com/TonyBLancoMusic,Ninguno,Chavista,Ninguno
frutosj,https://twitter.com/frutosj,Chavista,Chavista,Chavista
RadioMetroCuba,https://twitter.com/RadioMetroCuba,Chavista,Chavista,Chavista
lamulatik,https://twitter.com/lamulatik,Chavista,Chavista,Chavista
FrnsEdobolivar,https://twitter.com/FrnsEdobolivar,Chavista,Chavista,Chavista
OMonimar,https://twitter.com/OMonimar,Chavista,Chavista,Chavista
GuilleAlbert,https://twitter.com/GuilleAlbert,Chavista,Chavista,Chavista
AB_DINF,https://twitter.com/AB_DINF,Chavista,Chavista,Chavista
Seba_JimenezOK,https://twitter.com/Seba_JimenezOK,Chavista,Chavista,Chavista
MovimientoCTS,https://twitter.com/MovimientoCTS,Chavista,Chavista,Chavista
ktPSUV,https://twitter.com/ktPSUV,Chavista,Chavista,Chavista
fabiancanos14,https://twitter.com/fabiancanos14,Ninguno,Ninguno,Ninguno
EmilioBaezG,https://twitter.com/EmilioBaezG,Ninguno,Ninguno,Ninguno
SindicoCaracas,https://twitter.com/SindicoCaracas,Chavista,Chavista,Chavista
luiss92m,https://twitter.com/luiss92m,Chavista,Chavista,Chavista
1CHAVISTARAGUA,https://twitter.com/1CHAVISTARAGUA,Chavista,Chavista,Chavista
SegoviaGilberto,https://twitter.com/SegoviaGilberto,Chavista,Chavista,Chavista
erickdjuventud,https://twitter.com/erickdjuventud,Chavista,Chavista,Chavista
UbVallese,https://twitter.com/UbVallese,Chavista,Chavista,Chavista
rodrigozpsuv,https://twitter.com/rodrigozpsuv,Chavista,Chavista,Chavista
golondrona84,https://twitter.com/golondrona84,Chavista,Chavista,Chavista
carlosluisclaa,https://twitter.com/carlosluisclaa,Chavista,Chavista,Chavista
KevinFS_19,https://twitter.com/KevinFS_19,,,
angeliriarte7,https://twitter.com/angeliriarte7,Chavista,Chavista,Chavista
OrienteMRT,https://twitter.com/OrienteMRT,Chavista,Chavista,Chavista
CanonCandanga,https://twitter.com/CanonCandanga,,,
Antiguarimbeo,https://twitter.com/Antiguarimbeo,Chavista,Chavista,Chavista
ceriuo,https://twitter.com/ceriuo,Ninguno,Chavista,Chavista
l_indro,https://twitter.com/l_indro,Ninguno,Ninguno,Ninguno
jotapete,https://twitter.com/jotapete,Chavista,Chavista,Chavista
anamaldonadosoy,https://twitter.com/anamaldonadosoy,Chavista,Chavista,Chavista
yosmarrebelde,https://twitter.com/yosmarrebelde,Chavista,Chavista,Chavista
1936Carlos,https://twitter.com/1936Carlos,Chavista,Chavista,Chavista
nicodanz,https://twitter.com/nicodanz,Chavista,Chavista,Chavista
gerargonzalez,https://twitter.com/gerargonzalez,Chavista,Chavista,Chavista
rocksur89,https://twitter.com/rocksur89,Chavista,Chavista,Chavista
Historiaexpres,https://twitter.com/Historiaexpres,Chavista,Chavista,Chavista
planchezsiomar2,https://twitter.com/planchezsiomar2,,,
milelapatria,https://twitter.com/milelapatria,Chavista,Chavista,Chavista
gemelasramone,https://twitter.com/gemelasramone,Ninguno,Ninguno,Ninguno
jpcalsur,https://twitter.com/jpcalsur,Chavista,Chavista,Chavista
WilfredoDavid,https://twitter.com/WilfredoDavid,Chavista,Chavista,Chavista
Delamanounidos,https://twitter.com/Delamanounidos,Chavista,Chavista,Chavista
ESINSEPSA,https://twitter.com/ESINSEPSA,Chavista,Chavista,Chavista
hostilio00,https://twitter.com/hostilio00,Ninguno,Chavista,Ninguno
Marieddy_RM,https://twitter.com/Marieddy_RM,,,
RafaelVel3,https://twitter.com/RafaelVel3,Chavista,Chavista,Chavista
cartiaga01,https://twitter.com/cartiaga01,Chavista,Chavista,Chavista
juclos2001,https://twitter.com/juclos2001,Chavista,Chavista,Chavista
brendesma,https://twitter.com/brendesma,Ninguno,Ninguno,Ninguno
lamariabrava,https://twitter.com/lamariabrava,Chavista,Chavista,Chavista
toyola,https://twitter.com/toyola,Chavista,Chavista,Chavista
virginiaking13,https://twitter.com/virginiaking13,Chavista,Chavista,Chavista
Ander_duran,https://twitter.com/Ander_duran,Chavista,Chavista,Chavista
Miranda2021,https://twitter.com/Miranda2021,Chavista,Chavista,Chavista
JohnnyLopezJ,https://twitter.com/JohnnyLopezJ,Chavista,Chavista,Chavista
Abolivar32_,https://twitter.com/Abolivar32_,Ninguno,Ninguno,Ninguno
andcar_diana,https://twitter.com/andcar_diana,Chavista,Chavista,Chavista
Alfa2xx3,https://twitter.com/Alfa2xx3,Chavista,Chavista,Chavista
Yanesky,https://twitter.com/Yanesky,Chavista,Chavista,Chavista
WPB_VZLA,https://twitter.com/WPB_VZLA,Chavista,Chavista,Chavista
PatriciaParra04,https://twitter.com/PatriciaParra04,Chavista,Chavista,Chavista
AlfonsoZ28,https://twitter.com/AlfonsoZ28,Ninguno,Oposición,Ninguno
jorgeluisdiazg,https://twitter.com/jorgeluisdiazg,Chavista,Chavista,Chavista
TuhirElAbad,https://twitter.com/TuhirElAbad,Chavista,Chavista,Chavista
alejandrovila,https://twitter.com/alejandrovila,Chavista,Chavista,Chavista
eduar_margarito,https://twitter.com/eduar_margarito,Chavista,Chavista,Chavista
MaDanielaR,https://twitter.com/MaDanielaR,Chavista,Chavista,Chavista
Luis_Edelman,https://twitter.com/Luis_Edelman,Chavista,Chavista,Chavista
ESTEFANYZERPA,https://twitter.com/ESTEFANYZERPA,Chavista,Chavista,Chavista
YoSoyTaecjaa,https://twitter.com/YoSoyTaecjaa,Chavista,Chavista,Chavista
INCESLARA,https://twitter.com/INCESLARA,Chavista,Chavista,Chavista
Consulvenest,https://twitter.com/Consulvenest,Chavista,Chavista,Chavista
EmbajadaVzlaTT,https://twitter.com/EmbajadaVzlaTT,Chavista,Chavista,Chavista
AdrianaBlandon1,https://twitter.com/AdrianaBlandon1,Ninguno,Ninguno,Ninguno
Buenavibraremes,https://twitter.com/Buenavibraremes,Chavista,Chavista,Chavista
cienbolos0,https://twitter.com/cienbolos0,Chavista,Chavista,Chavista
Gudari75,https://twitter.com/Gudari75,Ninguno,Ninguno,Ninguno
ComandoZamora,https://twitter.com/ComandoZamora,Chavista,Chavista,Chavista
CuatroFUbv,https://twitter.com/CuatroFUbv,Chavista,Chavista,Chavista
RosyAguirre,https://twitter.com/RosyAguirre,Oposición,Oposición,Oposición
neswiljpsuv,https://twitter.com/neswiljpsuv,,,
LetizitaDeSoja,https://twitter.com/LetizitaDeSoja,Chavista,Chavista,Chavista
cimarron_films,https://twitter.com/cimarron_films,Chavista,Chavista,Chavista
isnandre5m,https://twitter.com/isnandre5m,Chavista,Chavista,Chavista
AndresJNC,https://twitter.com/AndresJNC,Chavista,Chavista,Chavista
m_higuerey,https://twitter.com/m_higuerey,Chavista,Chavista,Chavista
CORDOVAPALENCIA,https://twitter.com/CORDOVAPALENCIA,Chavista,Chavista,Chavista
AguillenPSUV,https://twitter.com/AguillenPSUV,Chavista,Chavista,Chavista
El_NesMentor,https://twitter.com/El_NesMentor,Chavista,Chavista,Chavista
Clap_14deAbril,https://twitter.com/Clap_14deAbril,,,
AlunasaCR,https://twitter.com/AlunasaCR,Chavista,Chavista,Chavista
laotragenda,https://twitter.com/laotragenda,Chavista,Chavista,Chavista
lareirinha,https://twitter.com/lareirinha,Ninguno,Chavista,Ninguno
HerhyAnnAtencio,https://twitter.com/HerhyAnnAtencio,,,
alltheloverss,https://twitter.com/alltheloverss,Chavista,Chavista,Chavista
danielcPSUV,https://twitter.com/danielcPSUV,,,
RomelGuardian,https://twitter.com/RomelGuardian,,,
CarolinaYsef,https://twitter.com/CarolinaYsef,Chavista,Chavista,Chavista
mousislas,https://twitter.com/mousislas,Chavista,Chavista,Chavista
ONCOP_MF_VZLA,https://twitter.com/ONCOP_MF_VZLA,Chavista,Chavista,Chavista
daferen,https://twitter.com/daferen,Ninguno,Ninguno,Ninguno
FundaciteLARA,https://twitter.com/FundaciteLARA,Chavista,Chavista,Chavista
Daddo_Aub,https://twitter.com/Daddo_Aub,Chavista,Chavista,Chavista
AsambleaCuba,https://twitter.com/AsambleaCuba,Chavista,Chavista,Chavista
JJSaimon,https://twitter.com/JJSaimon,Chavista,Chavista,Chavista
criticosinamig2,https://twitter.com/criticosinamig2,,,
Corderoen,https://twitter.com/Corderoen,Chavista,Chavista,Chavista
r006CR,https://twitter.com/r006CR,Chavista,Chavista,Chavista
veneturmar,https://twitter.com/veneturmar,Chavista,Chavista,Chavista
GNBcemanguarnac,https://twitter.com/GNBcemanguarnac,Chavista,Chavista,Chavista
elperonperon,https://twitter.com/elperonperon,Chavista,Chavista,Chavista
CA_PLAM,https://twitter.com/CA_PLAM,Chavista,Chavista,Chavista
Tachota1,https://twitter.com/Tachota1,Chavista,Chavista,Chavista
MemeTraviesa,https://twitter.com/MemeTraviesa,Chavista,Chavista,Chavista
jpsuvchacao,https://twitter.com/jpsuvchacao,Chavista,Chavista,Chavista
MPPEE,https://twitter.com/MPPEE,,,
FrontinOso,https://twitter.com/FrontinOso,Chavista,Chavista,Chavista
Elirivas55,https://twitter.com/Elirivas55,Chavista,Chavista,Chavista
Wileyma,https://twitter.com/Wileyma,Oposición,Oposición,Oposición
lacamposanjuan,https://twitter.com/lacamposanjuan,Chavista,Chavista,Chavista
MayVenezolana,https://twitter.com/MayVenezolana,Oposición,Oposición,Oposición
JS19JDVI,https://twitter.com/JS19JDVI,Ninguno,Ninguno,Ninguno
molinademuller,https://twitter.com/molinademuller,Chavista,Chavista,Chavista
Maritza_snavas,https://twitter.com/Maritza_snavas,Chavista,Chavista,Chavista
juancarlos2179,https://twitter.com/juancarlos2179,Chavista,Chavista,Chavista
DaussySequera,https://twitter.com/DaussySequera,Chavista,Chavista,Chavista
rompe_elcerco,https://twitter.com/rompe_elcerco,Chavista,Chavista,Chavista
cruzjmartinez,https://twitter.com/cruzjmartinez,Chavista,Chavista,Chavista
TulioNunez,https://twitter.com/TulioNunez,Ninguno,Ninguno,Ninguno
MarianaDFC20,https://twitter.com/MarianaDFC20,Chavista,Chavista,Chavista
FeliciaBompart,https://twitter.com/FeliciaBompart,Chavista,Chavista,Chavista
leidavictoria,https://twitter.com/leidavictoria,Chavista,Chavista,Chavista
chldd,https://twitter.com/chldd,Chavista,Chavista,Chavista
luisamvrz,https://twitter.com/luisamvrz,Ninguno,Ninguno,Ninguno
Evalher,https://twitter.com/Evalher,Chavista,Chavista,Chavista
Psuvscasimiro,https://twitter.com/Psuvscasimiro,Chavista,Chavista,Chavista
yova120,https://twitter.com/yova120,Chavista,Chavista,Chavista
jonathanrenoir,https://twitter.com/jonathanrenoir,Chavista,Chavista,Chavista
GabiRqn,https://twitter.com/GabiRqn,,,
MaraGiselleO,https://twitter.com/MaraGiselleO,Chavista,Chavista,Chavista
EmbacubaP,https://twitter.com/EmbacubaP,Chavista,Chavista,Chavista
Telmo_Goncalves,https://twitter.com/Telmo_Goncalves,Oposición,Oposición,Oposición
diazleo10,https://twitter.com/diazleo10,Chavista,Chavista,Chavista
agustindijoque,https://twitter.com/agustindijoque,Oposición,Oposición,Oposición
victor_jbm,https://twitter.com/victor_jbm,Chavista,Chavista,Chavista
crimarant,https://twitter.com/crimarant,Chavista,Chavista,Chavista
angelamontbrun,https://twitter.com/angelamontbrun,Oposición,Oposición,Oposición
AB_BRIM2,https://twitter.com/AB_BRIM2,Chavista,Chavista,Chavista
juneiracandanga,https://twitter.com/juneiracandanga,Chavista,Chavista,Chavista
Vero_Avilan,https://twitter.com/Vero_Avilan,Oposición,Oposición,Oposición
CmndoChavez,https://twitter.com/CmndoChavez,Chavista,Chavista,Chavista
riew_rotceh007,https://twitter.com/riew_rotceh007,Oposición,Oposición,Oposición
CLacanad,https://twitter.com/CLacanad,Chavista,Chavista,Chavista
GatoTremaine,https://twitter.com/GatoTremaine,Ninguno,Ninguno,Ninguno
ARAGUAPSUV24,https://twitter.com/ARAGUAPSUV24,Chavista,Chavista,Chavista
unefa_ve,https://twitter.com/unefa_ve,Chavista,Chavista,Chavista
jlopezbo,https://twitter.com/jlopezbo,Chavista,Chavista,Chavista
Despacho_Mauroa,https://twitter.com/Despacho_Mauroa,Chavista,Chavista,Chavista
BusiPiscinas,https://twitter.com/BusiPiscinas,Ninguno,Ninguno,Ninguno
josemil24,https://twitter.com/josemil24,Oposición,Oposición,Oposición
rangel_karla,https://twitter.com/rangel_karla,Chavista,Chavista,Chavista
mirasanhui,https://twitter.com/mirasanhui,Chavista,Chavista,Chavista
Pudimos_,https://twitter.com/Pudimos_,Ninguno,Ninguno,Ninguno
BrillodeSeda,https://twitter.com/BrillodeSeda,Chavista,Chavista,Chavista
PilMoran,https://twitter.com/PilMoran,Chavista,Chavista,Chavista
YelitzaFebres1,https://twitter.com/YelitzaFebres1,Chavista,Chavista,Chavista
indirasequea,https://twitter.com/indirasequea,Chavista,Chavista,Chavista
BacigaluppiNArg,https://twitter.com/BacigaluppiNArg,,,
guachan11,https://twitter.com/guachan11,Ninguno,Ninguno,Ninguno
hamid_ramos,https://twitter.com/hamid_ramos,Oposición,Oposición,Oposición
CarlitaVzla,https://twitter.com/CarlitaVzla,Chavista,Chavista,Chavista
ROSSANA83,https://twitter.com/ROSSANA83,Chavista,Chavista,Chavista
elyscontreras,https://twitter.com/elyscontreras,Chavista,Chavista,Chavista
maritojhm,https://twitter.com/maritojhm,Ninguno,Chavista,Ninguno
CLAPBicentenar2,https://twitter.com/CLAPBicentenar2,Chavista,Chavista,Chavista
rodolfob,https://twitter.com/rodolfob,Chavista,Chavista,Chavista
alvarojohan,https://twitter.com/alvarojohan,Chavista,Chavista,Chavista
2015CFK,https://twitter.com/2015CFK,Chavista,Chavista,Chavista
SeijoDani,https://twitter.com/SeijoDani,Ninguno,Ninguno,Ninguno
turistica969,https://twitter.com/turistica969,Chavista,Chavista,Chavista
DONATELLA127,https://twitter.com/DONATELLA127,Chavista,Chavista,Chavista
FalconTP_,https://twitter.com/FalconTP_,,,
vanguardia_ofic,https://twitter.com/vanguardia_ofic,Chavista,Chavista,Chavista
ConsulRBVzlaHK,https://twitter.com/ConsulRBVzlaHK,Chavista,Chavista,Chavista
du_lu_mi,https://twitter.com/du_lu_mi,Ninguno,Ninguno,Ninguno
SoldadoDeDeuss,https://twitter.com/SoldadoDeDeuss,Ninguno,Ninguno,Ninguno
virginiapaola,https://twitter.com/virginiapaola,Chavista,Chavista,Chavista
Adriana3FG,https://twitter.com/Adriana3FG,Chavista,Chavista,Chavista
TiinaPerezL,https://twitter.com/TiinaPerezL,Ninguno,Ninguno,Ninguno
jesussantanderl,https://twitter.com/jesussantanderl,,,
DimisocAnz,https://twitter.com/DimisocAnz,Chavista,Chavista,Chavista
arlisf,https://twitter.com/arlisf,Chavista,Chavista,Chavista
eliannys1888,https://twitter.com/eliannys1888,Chavista,Chavista,Chavista
danieljbi,https://twitter.com/danieljbi,Ninguno,Ninguno,Ninguno
pedacito25,https://twitter.com/pedacito25,Chavista,Chavista,Chavista
Frankferd09,https://twitter.com/Frankferd09,Chavista,Chavista,Chavista
ninoallende,https://twitter.com/ninoallende,Chavista,Chavista,Chavista
realfabianopy,https://twitter.com/realfabianopy,,,
spartako,https://twitter.com/spartako,Ninguno,Ninguno,Ninguno
CorredorDpcht,https://twitter.com/CorredorDpcht,Chavista,Chavista,Chavista
huiroj,https://twitter.com/huiroj,,,
LatidosPatriaG,https://twitter.com/LatidosPatriaG,Chavista,Chavista,Chavista
RodriguezDavito,https://twitter.com/RodriguezDavito,Chavista,Chavista,Chavista
petrizzo,https://twitter.com/petrizzo,Chavista,Chavista,Chavista
ladeyamoza,https://twitter.com/ladeyamoza,Chavista,Chavista,Chavista
susyzakhia,https://twitter.com/susyzakhia,Ninguno,Oposición,Oposición
ChavistaMedico,https://twitter.com/ChavistaMedico,,,
aurora_g_,https://twitter.com/aurora_g_,Chavista,Chavista,Chavista
caribenegra,https://twitter.com/caribenegra,Chavista,Chavista,Chavista
wuyhsmar,https://twitter.com/wuyhsmar,Chavista,Chavista,Chavista
KELYKrp07,https://twitter.com/KELYKrp07,Chavista,Chavista,Chavista
Diazlaurav,https://twitter.com/Diazlaurav,Oposición,Oposición,Oposición
ZaidaChmaruk,https://twitter.com/ZaidaChmaruk,Chavista,Chavista,Chavista
YankeeGoHome2_5,https://twitter.com/YankeeGoHome2_5,Chavista,Chavista,Chavista
CandangaPepito,https://twitter.com/CandangaPepito,,,
Redes_Vzla,https://twitter.com/Redes_Vzla,Chavista,Chavista,Chavista
GNB_YaracuyGDP,https://twitter.com/GNB_YaracuyGDP,Chavista,Chavista,Chavista
Dios_Federacion,https://twitter.com/Dios_Federacion,Oposición,Oposición,Oposición
rafaelitortiz,https://twitter.com/rafaelitortiz,Chavista,Chavista,Chavista
JCADENACUA,https://twitter.com/JCADENACUA,Ninguno,Oposición,Oposición
LaVozDelAtlanti,https://twitter.com/LaVozDelAtlanti,Chavista,Chavista,Chavista
RJHG17,https://twitter.com/RJHG17,Chavista,Chavista,Chavista
MilagrosElena10,https://twitter.com/MilagrosElena10,Chavista,Chavista,Chavista
wilsonjortizr59,https://twitter.com/wilsonjortizr59,Chavista,Chavista,Chavista
CCCLosTurpiales,https://twitter.com/CCCLosTurpiales,Chavista,Ninguno,Ninguno
caldera_ronald,https://twitter.com/caldera_ronald,Chavista,Chavista,Chavista
Emb_Venez_Ecu,https://twitter.com/Emb_Venez_Ecu,Chavista,Chavista,Chavista
PouSaez,https://twitter.com/PouSaez,Oposición,Oposición,Oposición
Y_carolG,https://twitter.com/Y_carolG,Oposición,Oposición,Oposición
alvarezfrank,https://twitter.com/alvarezfrank,Chavista,Chavista,Chavista
daurynt,https://twitter.com/daurynt,Chavista,Chavista,Chavista
lesbiamuro,https://twitter.com/lesbiamuro,Chavista,Chavista,Chavista
gonzalebetzaida,https://twitter.com/gonzalebetzaida,Chavista,Chavista,Chavista
paocle,https://twitter.com/paocle,Chavista,Chavista,Chavista
Ericks4ntos,https://twitter.com/Ericks4ntos,Chavista,Chavista,Chavista
Guaiquirian_Dit,https://twitter.com/Guaiquirian_Dit,Chavista,Chavista,Chavista
f3rmin,https://twitter.com/f3rmin,Oposición,Oposición,Oposición
Aaronsrm_,https://twitter.com/Aaronsrm_,Ninguno,Ninguno,Ninguno
GastroTweet1,https://twitter.com/GastroTweet1,,,
SalaBarinas,https://twitter.com/SalaBarinas,Chavista,Chavista,Chavista
Embavenezcuba,https://twitter.com/Embavenezcuba,Chavista,Chavista,Chavista
josegre40guz,https://twitter.com/josegre40guz,Chavista,Chavista,Chavista
Mercal_Guarico,https://twitter.com/Mercal_Guarico,Chavista,Chavista,Chavista
NegroYoma,https://twitter.com/NegroYoma,Ninguno,Ninguno,Ninguno
Nazza_Castell,https://twitter.com/Nazza_Castell,Chavista,Chavista,Chavista
8203csmanzo1,https://twitter.com/8203csmanzo1,Chavista,Chavista,Chavista
ULA_REVOLUCION,https://twitter.com/ULA_REVOLUCION,Chavista,Chavista,Chavista
JulioCB29,https://twitter.com/JulioCB29,Ninguno,Ninguno,Ninguno
ElCapitanER,https://twitter.com/ElCapitanER,Chavista,Chavista,Chavista
Antisocialismo3,https://twitter.com/Antisocialismo3,Chavista,Chavista,Chavista
antoniomartel1,https://twitter.com/antoniomartel1,Chavista,Chavista,Chavista
MilDayMolina,https://twitter.com/MilDayMolina,Ninguno,Chavista,Chavista
delacosta_,https://twitter.com/delacosta_,Chavista,Chavista,Chavista
tinacoalcaldia,https://twitter.com/tinacoalcaldia,Chavista,Chavista,Chavista
JPVolodia,https://twitter.com/JPVolodia,,,
ProtoTips_Isla,https://twitter.com/ProtoTips_Isla,Oposición,Oposición,Oposición
fuertetiuna1,https://twitter.com/fuertetiuna1,Chavista,Chavista,Chavista
chavistasMadrid,https://twitter.com/chavistasMadrid,Chavista,Chavista,Chavista
MovimientoM28,https://twitter.com/MovimientoM28,Chavista,Chavista,Chavista
Clap_Rp,https://twitter.com/Clap_Rp,Chavista,Chavista,Chavista
LaFuerzaJedi,https://twitter.com/LaFuerzaJedi,,,
AlcaldiaDHeres,https://twitter.com/AlcaldiaDHeres,Chavista,Chavista,Chavista
yohanacarvallo,https://twitter.com/yohanacarvallo,Oposición,Oposición,Oposición
VERDADBAUTISTA,https://twitter.com/VERDADBAUTISTA,Chavista,Chavista,Chavista
Joelheavymetal8,https://twitter.com/Joelheavymetal8,Chavista,Chavista,Chavista
InfomovilMerida,https://twitter.com/InfomovilMerida,Chavista,Ninguno,Chavista
suspe82,https://twitter.com/suspe82,Chavista,Chavista,Chavista
angela_massaro,https://twitter.com/angela_massaro,Chavista,Chavista,Chavista
santiago144000,https://twitter.com/santiago144000,Chavista,Chavista,Chavista
yanezcoromoto,https://twitter.com/yanezcoromoto,Chavista,Chavista,Chavista
kuervakk,https://twitter.com/kuervakk,Chavista,Chavista,Chavista
azuajefutpv,https://twitter.com/azuajefutpv,Chavista,Chavista,Chavista
angelemiro1985,https://twitter.com/angelemiro1985,Chavista,Chavista,Chavista
dcabellor,https://twitter.com/dcabellor,Chavista,Chavista,Chavista
ruseel_69,https://twitter.com/ruseel_69,Oposición,Oposición,Oposición
FernandoCegarra,https://twitter.com/FernandoCegarra,Chavista,Chavista,Chavista
Luisgomezm7,https://twitter.com/Luisgomezm7,Chavista,Chavista,Chavista
Blancacandanga,https://twitter.com/Blancacandanga,Chavista,Chavista,Chavista
AleCurat,https://twitter.com/AleCurat,Chavista,Chavista,Chavista
RDelBufalo,https://twitter.com/RDelBufalo,Oposición,Oposición,Oposición
andrusocial,https://twitter.com/andrusocial,Chavista,Chavista,Chavista
MariselaGonzal7,https://twitter.com/MariselaGonzal7,Chavista,Chavista,Chavista
gestionhumanas2,https://twitter.com/gestionhumanas2,Chavista,Chavista,Chavista
MarcoAmayaOF,https://twitter.com/MarcoAmayaOF,Chavista,Chavista,Chavista
GDigitalZulia,https://twitter.com/GDigitalZulia,,,
jkmcdf,https://twitter.com/jkmcdf,Chavista,Chavista,Chavista
InfoCNC,https://twitter.com/InfoCNC,Chavista,Chavista,Chavista
RamirezHoffman,https://twitter.com/RamirezHoffman,Oposición,Oposición,Oposición
MACERDAE,https://twitter.com/MACERDAE,Chavista,Chavista,Chavista
Bacanoslocos,https://twitter.com/Bacanoslocos,,,
juliosicko,https://twitter.com/juliosicko,Chavista,Chavista,Chavista
Yo_Heisler,https://twitter.com/Yo_Heisler,,,
eclds23,https://twitter.com/eclds23,Oposición,Oposición,Oposición
Francisco_Chew,https://twitter.com/Francisco_Chew,Chavista,Chavista,Chavista
Rafa_Trouble,https://twitter.com/Rafa_Trouble,Oposición,Oposición,Oposición
Radioatake,https://twitter.com/Radioatake,Chavista,Chavista,Chavista
leftiblog,https://twitter.com/leftiblog,Ninguno,Ninguno,Ninguno
FelixRodriguezG,https://twitter.com/FelixRodriguezG,Ninguno,Ninguno,Ninguno
COTEJITO,https://twitter.com/COTEJITO,,,
nathy261202,https://twitter.com/nathy261202,Chavista,Chavista,Chavista
IronLionZionJ08,https://twitter.com/IronLionZionJ08,Chavista,Chavista,Chavista
guerrijazz,https://twitter.com/guerrijazz,Chavista,Chavista,Chavista
EJB_EFTPRIBAS,https://twitter.com/EJB_EFTPRIBAS,Chavista,Chavista,Chavista
TitiFerrer25,https://twitter.com/TitiFerrer25,Chavista,Chavista,Chavista
Ernesto1931,https://twitter.com/Ernesto1931,Chavista,Chavista,Chavista
FabioKmilo,https://twitter.com/FabioKmilo,Chavista,Chavista,Chavista
Maduro_cuti,https://twitter.com/Maduro_cuti,Oposición,Oposición,Oposición
Programas_salud,https://twitter.com/Programas_salud,Chavista,Chavista,Chavista
twizquierda,https://twitter.com/twizquierda,Chavista,Chavista,Chavista
NiKoAguilera,https://twitter.com/NiKoAguilera,Chavista,Chavista,Chavista
CoordMex_Venez,https://twitter.com/CoordMex_Venez,Chavista,Chavista,Chavista
Aplanificar,https://twitter.com/Aplanificar,Chavista,Chavista,Chavista
DonPedroQuejon,https://twitter.com/DonPedroQuejon,Chavista,Chavista,Chavista
RVulgarin,https://twitter.com/RVulgarin,Chavista,Chavista,Chavista
RadioMayabeque,https://twitter.com/RadioMayabeque,Chavista,Chavista,Chavista
PGRVenezuela,https://twitter.com/PGRVenezuela,Chavista,Chavista,Chavista
PCDRAMOSVICTOR,https://twitter.com/PCDRAMOSVICTOR,Chavista,Chavista,Chavista
kelvisjz,https://twitter.com/kelvisjz,Chavista,Ninguno,Chavista
Isnelicious,https://twitter.com/Isnelicious,Chavista,Chavista,Chavista
pedrogarciao,https://twitter.com/pedrogarciao,Oposición,Oposición,Oposición
MirandaV168,https://twitter.com/MirandaV168,Chavista,Chavista,Chavista
GiganteAmerica,https://twitter.com/GiganteAmerica,Chavista,Chavista,Chavista
espinozagerman,https://twitter.com/espinozagerman,Chavista,Chavista,Chavista
Alc_SimonPlanas,https://twitter.com/Alc_SimonPlanas,Chavista,Chavista,Chavista
MARIAPARICA,https://twitter.com/MARIAPARICA,Oposición,Oposición,Oposición
florenciamore17,https://twitter.com/florenciamore17,Chavista,Chavista,Chavista
LaOfensivaRoja,https://twitter.com/LaOfensivaRoja,Chavista,Chavista,Chavista
El_MaestroPiado,https://twitter.com/El_MaestroPiado,Oposición,Oposición,Oposición
raficampos,https://twitter.com/raficampos,Chavista,Chavista,Chavista
KENDYSARCOS,https://twitter.com/KENDYSARCOS,Chavista,Chavista,Chavista
almayadeen_es,https://twitter.com/almayadeen_es,Ninguno,Ninguno,Ninguno
Ernest0Gu3vara,https://twitter.com/Ernest0Gu3vara,Chavista,Chavista,Chavista
Vene_Nuestra,https://twitter.com/Vene_Nuestra,Chavista,Chavista,Chavista
Europa_CdP,https://twitter.com/Europa_CdP,Ninguno,Ninguno,Ninguno
nadroy87,https://twitter.com/nadroy87,Ninguno,Ninguno,Ninguno
FloresSobella,https://twitter.com/FloresSobella,Chavista,Chavista,Chavista
karelism32,https://twitter.com/karelism32,Chavista,Chavista,Chavista
fundarenacer,https://twitter.com/fundarenacer,,,
ElenasRamires,https://twitter.com/ElenasRamires,Chavista,Chavista,Chavista
ffm_laraoficial,https://twitter.com/ffm_laraoficial,Chavista,Chavista,Chavista
meusga,https://twitter.com/meusga,Chavista,Chavista,Chavista
ResteadosOne,https://twitter.com/ResteadosOne,Chavista,Chavista,Chavista
PelomBlack,https://twitter.com/PelomBlack,Ninguno,Ninguno,Ninguno
HorizontePatria,https://twitter.com/HorizontePatria,Chavista,Chavista,Chavista
CorpoelecVargas,https://twitter.com/CorpoelecVargas,Chavista,Chavista,Chavista
leonguacache,https://twitter.com/leonguacache,Oposición,Oposición,Oposición
INPPJD_MONAGAS,https://twitter.com/INPPJD_MONAGAS,Chavista,Chavista,Chavista
clap_alejandroc,https://twitter.com/clap_alejandroc,Chavista,Chavista,Chavista
mayrimporras,https://twitter.com/mayrimporras,Oposición,Oposición,Oposición
francis_yoselin,https://twitter.com/francis_yoselin,Chavista,Chavista,Chavista
josemr_326,https://twitter.com/josemr_326,Chavista,Chavista,Chavista
Murder_360,https://twitter.com/Murder_360,Chavista,Chavista,Chavista
draSugM6,https://twitter.com/draSugM6,Chavista,Chavista,Chavista
CulturalMacondo,https://twitter.com/CulturalMacondo,Chavista,Chavista,Chavista
FenixDeChavez,https://twitter.com/FenixDeChavez,Chavista,Chavista,Chavista
AnzCanta,https://twitter.com/AnzCanta,Chavista,Chavista,Chavista
Marelys48,https://twitter.com/Marelys48,Chavista,Chavista,Chavista
ReynaReyes2015,https://twitter.com/ReynaReyes2015,Chavista,Chavista,Chavista
anavemoreno,https://twitter.com/anavemoreno,Chavista,Chavista,Chavista
Alsuita,https://twitter.com/Alsuita,Oposición,Oposición,Oposición
Edigo83,https://twitter.com/Edigo83,Chavista,Chavista,Chavista
IDEOLOGIZADOR,https://twitter.com/IDEOLOGIZADOR,Chavista,Chavista,Chavista
lucianaabad,https://twitter.com/lucianaabad,Chavista,Ninguno,Chavista
alvarohpsuv,https://twitter.com/alvarohpsuv,Chavista,Chavista,Chavista
isma_ja,https://twitter.com/isma_ja,Ninguno,Ninguno,Ninguno
CityTurCaripe,https://twitter.com/CityTurCaripe,Ninguno,Ninguno,Ninguno
teleSURsiria,https://twitter.com/teleSURsiria,Ninguno,Ninguno,Ninguno
Arias_57,https://twitter.com/Arias_57,Ninguno,Ninguno,Ninguno
RosdelviBencomo,https://twitter.com/RosdelviBencomo,Chavista,Chavista,Chavista
UnTalSandrea,https://twitter.com/UnTalSandrea,Oposición,Oposición,Oposición
vilaikedelgado1,https://twitter.com/vilaikedelgado1,,,
adriana_tulande,https://twitter.com/adriana_tulande,Chavista,Chavista,Chavista
misionribas01,https://twitter.com/misionribas01,Chavista,Chavista,Chavista
CCZamoraBolivar,https://twitter.com/CCZamoraBolivar,,,
gonzoguillen,https://twitter.com/gonzoguillen,Oposición,Oposición,Oposición
cristianovejero,https://twitter.com/cristianovejero,Chavista,Chavista,Chavista
anjogome,https://twitter.com/anjogome,Oposición,Oposición,Oposición
17Adelaida,https://twitter.com/17Adelaida,Chavista,Chavista,Chavista
CarolinaMarinAD,https://twitter.com/CarolinaMarinAD,Oposición,Oposición,Oposición
Zalet,https://twitter.com/Zalet,Chavista,Chavista,Chavista
Lilaura27,https://twitter.com/Lilaura27,Ninguno,Ninguno,Ninguno
joseemipe5,https://twitter.com/joseemipe5,Chavista,Chavista,Chavista
lizz19861,https://twitter.com/lizz19861,Chavista,Chavista,Chavista
prodri_gz,https://twitter.com/prodri_gz,Ninguno,Ninguno,Ninguno
GuillermoPinero,https://twitter.com/GuillermoPinero,Oposición,Oposición,Oposición
Pattitox,https://twitter.com/Pattitox,Chavista,Chavista,Chavista
Nicoontiveross,https://twitter.com/Nicoontiveross,Chavista,Chavista,Chavista
salud_cojedes,https://twitter.com/salud_cojedes,Chavista,Chavista,Chavista
FCrespoMon,https://twitter.com/FCrespoMon,Oposición,Oposición,Oposición
joemontein,https://twitter.com/joemontein,Chavista,Chavista,Chavista
milystation,https://twitter.com/milystation,Chavista,Chavista,Chavista
arelisjo76,https://twitter.com/arelisjo76,Chavista,Chavista,Chavista
julio_aviless,https://twitter.com/julio_aviless,Ninguno,Chavista,Ninguno
robertsgrc,https://twitter.com/robertsgrc,Chavista,Chavista,Chavista
AnaCStieben,https://twitter.com/AnaCStieben,Chavista,Chavista,Chavista
nirvanassss,https://twitter.com/nirvanassss,Chavista,Chavista,Chavista
chacarera25,https://twitter.com/chacarera25,Chavista,Chavista,Chavista
AimaraAlvarez19,https://twitter.com/AimaraAlvarez19,Chavista,Chavista,Chavista
ErnestoRParedes,https://twitter.com/ErnestoRParedes,Chavista,Chavista,Chavista
JorlyML,https://twitter.com/JorlyML,Chavista,Chavista,Chavista
ROJAS_SHA,https://twitter.com/ROJAS_SHA,Chavista,Chavista,Chavista
altaro,https://twitter.com/altaro,Chavista,Chavista,Chavista
CPatriaCMujer,https://twitter.com/CPatriaCMujer,Chavista,Chavista,Chavista
RiosN17,https://twitter.com/RiosN17,Chavista,Chavista,Chavista
CamillerosSalud,https://twitter.com/CamillerosSalud,,,
rpalmero1,https://twitter.com/rpalmero1,Chavista,Chavista,Chavista
SilviaAbaca,https://twitter.com/SilviaAbaca,Ninguno,Ninguno,Ninguno
fidelvolcanes,https://twitter.com/fidelvolcanes,Chavista,Chavista,Chavista
inky007,https://twitter.com/inky007,Oposición,Oposición,Oposición
yohannamarinet,https://twitter.com/yohannamarinet,Chavista,Chavista,Chavista
PorAmorAYaracuy,https://twitter.com/PorAmorAYaracuy,Chavista,Chavista,Chavista
jcchavezpilquil,https://twitter.com/jcchavezpilquil,Ninguno,Ninguno,Ninguno
partizankur,https://twitter.com/partizankur,Ninguno,Ninguno,Ninguno
tony_gutierrezy,https://twitter.com/tony_gutierrezy,Chavista,Chavista,Chavista
canizale_carlos,https://twitter.com/canizale_carlos,Chavista,Chavista,Chavista
CaguaCandanga,https://twitter.com/CaguaCandanga,Chavista,Chavista,Chavista
corpovex_VE,https://twitter.com/corpovex_VE,Chavista,Chavista,Chavista
jhoanalabrujis,https://twitter.com/jhoanalabrujis,Chavista,Chavista,Chavista
CarlosVitorino0,https://twitter.com/CarlosVitorino0,Chavista,Chavista,Chavista
hbfv,https://twitter.com/hbfv,Oposición,Oposición,Oposición
padronjo,https://twitter.com/padronjo,Chavista,Chavista,Chavista
AdelanteCuba,https://twitter.com/AdelanteCuba,Ninguno,Ninguno,Ninguno
Rramirezffm,https://twitter.com/Rramirezffm,Chavista,Chavista,Chavista
fororebelde,https://twitter.com/fororebelde,Chavista,Chavista,Chavista
ydroy1989,https://twitter.com/ydroy1989,Chavista,Chavista,Chavista
Embacuba_CostaR,https://twitter.com/Embacuba_CostaR,Chavista,Chavista,Chavista
HectorJ_Bravo,https://twitter.com/HectorJ_Bravo,Chavista,Chavista,Chavista
Doryleo_Vaco,https://twitter.com/Doryleo_Vaco,Chavista,Chavista,Chavista
OnaCapital,https://twitter.com/OnaCapital,Chavista,Chavista,Chavista
diegolovers21,https://twitter.com/diegolovers21,Chavista,Chavista,Chavista
SinerUC,https://twitter.com/SinerUC,Ninguno,Ninguno,Ninguno
BoinaDisenos,https://twitter.com/BoinaDisenos,Chavista,Chavista,Chavista
kativasquez,https://twitter.com/kativasquez,Chavista,Chavista,Chavista
ConsulJuridica1,https://twitter.com/ConsulJuridica1,Chavista,Chavista,Chavista
ErickMLB,https://twitter.com/ErickMLB,Ninguno,Ninguno,Ninguno
CastilloE14,https://twitter.com/CastilloE14,,,
TraficcPatriaBO,https://twitter.com/TraficcPatriaBO,Chavista,Chavista,Chavista
EMISINDY,https://twitter.com/EMISINDY,,,
Caputti82,https://twitter.com/Caputti82,Chavista,Chavista,Chavista
armao_e,https://twitter.com/armao_e,Ninguno,Ninguno,Ninguno
IsaacSapiain11,https://twitter.com/IsaacSapiain11,Oposición,Oposición,Oposición
JoseMiguelCost,https://twitter.com/JoseMiguelCost,Ninguno,Oposición,Ninguno
KikeArteagaS,https://twitter.com/KikeArteagaS,Oposición,Oposición,Oposición
Normisjsr,https://twitter.com/Normisjsr,Ninguno,Ninguno,Ninguno
Perez_em,https://twitter.com/Perez_em,Chavista,Chavista,Chavista
InesTornudo,https://twitter.com/InesTornudo,Chavista,Chavista,Chavista
ARAGUAPEREZ,https://twitter.com/ARAGUAPEREZ,Chavista,Chavista,Chavista
yaramartinez29,https://twitter.com/yaramartinez29,Chavista,Chavista,Chavista
soranimontes,https://twitter.com/soranimontes,Chavista,Chavista,Chavista
gabichex,https://twitter.com/gabichex,Oposición,Oposición,Oposición
Sergio_Ponce_,https://twitter.com/Sergio_Ponce_,Chavista,Chavista,Chavista
lucy4sa,https://twitter.com/lucy4sa,Chavista,Chavista,Chavista
jonathanmatehus,https://twitter.com/jonathanmatehus,Oposición,Oposición,Oposición
OscarAlvarez01,https://twitter.com/OscarAlvarez01,Chavista,Chavista,Chavista
rinkaram,https://twitter.com/rinkaram,Chavista,Chavista,Chavista
MariaPsuv84,https://twitter.com/MariaPsuv84,Chavista,Chavista,Chavista
COMSIGUA_CA,https://twitter.com/COMSIGUA_CA,Chavista,Chavista,Chavista
BansurSFco,https://twitter.com/BansurSFco,Chavista,Chavista,Chavista
DiputadoAngelR,https://twitter.com/DiputadoAngelR,Chavista,Chavista,Chavista
PACOURONDO,https://twitter.com/PACOURONDO,Ninguno,Oposición,Ninguno
carinacubana,https://twitter.com/carinacubana,Chavista,Chavista,Chavista
ejecucionvargas,https://twitter.com/ejecucionvargas,Chavista,Chavista,Chavista
djbextten,https://twitter.com/djbextten,Oposición,Oposición,Oposición
albanellyz,https://twitter.com/albanellyz,,,
Gomez__Ricardo,https://twitter.com/Gomez__Ricardo,Ninguno,Ninguno,Ninguno
MiSuegraViveLaL,https://twitter.com/MiSuegraViveLaL,Chavista,Chavista,Chavista
boston_r_s,https://twitter.com/boston_r_s,Oposición,Oposición,Oposición
OlivaresJacinto,https://twitter.com/OlivaresJacinto,Chavista,Chavista,Chavista
CELISDANIELPIRE,https://twitter.com/CELISDANIELPIRE,Chavista,Chavista,Chavista
mayrar_18,https://twitter.com/mayrar_18,Chavista,Chavista,Chavista
eduarpine,https://twitter.com/eduarpine,Chavista,Chavista,Chavista
castillo86b,https://twitter.com/castillo86b,Chavista,Chavista,Chavista
veroventura20,https://twitter.com/veroventura20,Chavista,Chavista,Chavista
alexmos16,https://twitter.com/alexmos16,Chavista,Ninguno,Chavista
MSucreIutetB,https://twitter.com/MSucreIutetB,Chavista,Chavista,Chavista
larscandanga,https://twitter.com/larscandanga,Chavista,Chavista,Chavista
DanteA_2014,https://twitter.com/DanteA_2014,Oposición,Oposición,Oposición
Turismo_PNF,https://twitter.com/Turismo_PNF,Chavista,Chavista,Chavista
ifop37,https://twitter.com/ifop37,Chavista,Chavista,Chavista
Nelacorazon,https://twitter.com/Nelacorazon,Chavista,Chavista,Chavista
jeeef_amp,https://twitter.com/jeeef_amp,Oposición,Oposición,Oposición
VenezolanoCHZ,https://twitter.com/VenezolanoCHZ,Chavista,Chavista,Chavista
SimonMarinFUTPV,https://twitter.com/SimonMarinFUTPV,Chavista,Chavista,Chavista
TinacoClapPoliD,https://twitter.com/TinacoClapPoliD,Chavista,Chavista,Chavista
ForoCPortuguesa,https://twitter.com/ForoCPortuguesa,,,
La_DEA_tecojera,https://twitter.com/La_DEA_tecojera,Oposición,Oposición,Oposición
TeresaTinedo,https://twitter.com/TeresaTinedo,Chavista,Ninguno,Chavista
EmbacubaCol,https://twitter.com/EmbacubaCol,Chavista,Chavista,Chavista
garofanoantoni1,https://twitter.com/garofanoantoni1,Oposición,Oposición,Oposición
cbst_portuguesa,https://twitter.com/cbst_portuguesa,Chavista,Chavista,Chavista
orquidia1112,https://twitter.com/orquidia1112,Chavista,Chavista,Chavista
feluchomora,https://twitter.com/feluchomora,Chavista,Chavista,Chavista
profemision,https://twitter.com/profemision,Chavista,Chavista,Chavista
fj2baptista,https://twitter.com/fj2baptista,Chavista,Chavista,Chavista
joseglopezs,https://twitter.com/joseglopezs,Chavista,Chavista,Chavista
Btasbaloncesto,https://twitter.com/Btasbaloncesto,Chavista,Chavista,Chavista
Android_MKXL,https://twitter.com/Android_MKXL,Chavista,Chavista,Chavista
silosvotes,https://twitter.com/silosvotes,Ninguno,Ninguno,Ninguno
maykercastillo,https://twitter.com/maykercastillo,Chavista,Chavista,Chavista
neochem2012,https://twitter.com/neochem2012,Chavista,Chavista,Chavista
OeaRoma,https://twitter.com/OeaRoma,Chavista,Chavista,Chavista
Militante_Arg,https://twitter.com/Militante_Arg,Chavista,Chavista,Chavista
LPMovilizador,https://twitter.com/LPMovilizador,,,
futpv,https://twitter.com/futpv,Chavista,Chavista,Chavista
SuperTomecho,https://twitter.com/SuperTomecho,Chavista,Chavista,Chavista
yelitzePSUV_,https://twitter.com/yelitzePSUV_,Chavista,Chavista,Chavista
elena2760,https://twitter.com/elena2760,Oposición,Oposición,Oposición
CELIAMORENO7,https://twitter.com/CELIAMORENO7,Chavista,Chavista,Chavista
kamaleon277,https://twitter.com/kamaleon277,Chavista,Chavista,Chavista
_ElCirujano_,https://twitter.com/_ElCirujano_,Ninguno,Ninguno,Ninguno
Colectivoghpp,https://twitter.com/Colectivoghpp,Chavista,Chavista,Chavista
MotoDeniPirueta,https://twitter.com/MotoDeniPirueta,Chavista,Chavista,Chavista
pasoomu,https://twitter.com/pasoomu,Chavista,Chavista,Chavista
Libeluz,https://twitter.com/Libeluz,Oposición,Oposición,Oposición
AlejandroVGpsuv,https://twitter.com/AlejandroVGpsuv,Chavista,Chavista,Chavista
edrick_santiago,https://twitter.com/edrick_santiago,Chavista,Chavista,Chavista
Harry_cavs,https://twitter.com/Harry_cavs,Chavista,Chavista,Chavista
JPSUVUruguay,https://twitter.com/JPSUVUruguay,Chavista,Chavista,Chavista
liscatania,https://twitter.com/liscatania,Chavista,Chavista,Chavista
niviamontero,https://twitter.com/niviamontero,Chavista,Chavista,Chavista
laurymejesco,https://twitter.com/laurymejesco,Chavista,Chavista,Chavista
marycfpgpcrsa,https://twitter.com/marycfpgpcrsa,Chavista,Chavista,Chavista
GNB_BarinasD331,https://twitter.com/GNB_BarinasD331,Chavista,Chavista,Chavista
daboin19,https://twitter.com/daboin19,Ninguno,Ninguno,Ninguno
AraujoFredy,https://twitter.com/AraujoFredy,Chavista,Chavista,Chavista
NeilynPen,https://twitter.com/NeilynPen,Chavista,Ninguno,Ninguno
peralesjj11,https://twitter.com/peralesjj11,Chavista,Chavista,Chavista
Zerpajesus289,https://twitter.com/Zerpajesus289,,,
sapinaessucre,https://twitter.com/sapinaessucre,Chavista,Chavista,Chavista
santigalvan25,https://twitter.com/santigalvan25,Chavista,Chavista,Chavista
torresreina,https://twitter.com/torresreina,Chavista,Chavista,Chavista
AyMassi,https://twitter.com/AyMassi,Chavista,Chavista,Chavista
jcgomez_2006,https://twitter.com/jcgomez_2006,Ninguno,Ninguno,Ninguno
josejavier_p,https://twitter.com/josejavier_p,Chavista,Chavista,Chavista
sucreoscar,https://twitter.com/sucreoscar,Chavista,Chavista,Chavista
Pichisal1,https://twitter.com/Pichisal1,Chavista,Chavista,Chavista
RicardoChew,https://twitter.com/RicardoChew,Ninguno,Chavista,Ninguno
Alfa2xx3,https://twitter.com/Alfa2xx3,Chavista,Chavista,Chavista
PetraRondon5,https://twitter.com/PetraRondon5,Chavista,Chavista,Chavista
Conpancho4F,https://twitter.com/Conpancho4F,Chavista,Chavista,Chavista
RogerMiguelPSUV,https://twitter.com/RogerMiguelPSUV,Chavista,Chavista,Chavista
prensauptaragua,https://twitter.com/prensauptaragua,Chavista,Chavista,Chavista
El_W3sT,https://twitter.com/El_W3sT,Ninguno,Ninguno,Ninguno
GiovanniNL,https://twitter.com/GiovanniNL,Chavista,Chavista,Chavista
jeorgejuventud,https://twitter.com/jeorgejuventud,Chavista,Chavista,Chavista
luisgomezca,https://twitter.com/luisgomezca,Chavista,Chavista,Chavista
EmbaVenUruguay,https://twitter.com/EmbaVenUruguay,Chavista,Chavista,Chavista
SoldadaChavista,https://twitter.com/SoldadaChavista,,,
AsdrubalFilos,https://twitter.com/AsdrubalFilos,Chavista,Chavista,Chavista
VZLA_CANDANGA_,https://twitter.com/VZLA_CANDANGA_,Chavista,Chavista,Chavista
HombreRoca,https://twitter.com/HombreRoca,Ninguno,Ninguno,Ninguno
mjradita,https://twitter.com/mjradita,Chavista,Chavista,Chavista
CafedeVenezuela,https://twitter.com/CafedeVenezuela,Chavista,Chavista,Chavista
LaLibre_,https://twitter.com/LaLibre_,Ninguno,Ninguno,Ninguno
sematpc,https://twitter.com/sematpc,Chavista,Chavista,Chavista
NanitaIX,https://twitter.com/NanitaIX,Ninguno,Oposición,Ninguno
gonzale78225366,https://twitter.com/gonzale78225366,,,
alejandro11688,https://twitter.com/alejandro11688,Chavista,Chavista,Chavista
Monicamejias2,https://twitter.com/Monicamejias2,Chavista,Chavista,Chavista
BenitezVEN,https://twitter.com/BenitezVEN,Chavista,Chavista,Chavista
IngridTumtum,https://twitter.com/IngridTumtum,Ninguno,Chavista,
TuiterosDLaFaja,https://twitter.com/TuiterosDLaFaja,Chavista,Chavista,Chavista
clujan0,https://twitter.com/clujan0,Chavista,Chavista,Chavista
pinedaj412,https://twitter.com/pinedaj412,Chavista,Chavista,Chavista
NTreintayTres,https://twitter.com/NTreintayTres,,,
Jesusepj,https://twitter.com/Jesusepj,Ninguno,Ninguno,Ninguno
HeIsYepeto,https://twitter.com/HeIsYepeto,,,
chaborrin,https://twitter.com/chaborrin,Chavista,Chavista,Chavista
oficialNCR,https://twitter.com/oficialNCR,Chavista,Chavista,Chavista
GuerreraAmando,https://twitter.com/GuerreraAmando,,,
fernandoJVN,https://twitter.com/fernandoJVN,Oposición,Oposición,Oposición
Gabriel_Veroes1,https://twitter.com/Gabriel_Veroes1,Oposición,Oposición,Oposición
HAnhelvita,https://twitter.com/HAnhelvita,Ninguno,Ninguno,Ninguno
DrOscarOrtega22,https://twitter.com/DrOscarOrtega22,Ninguno,Oposición,Ninguno
japo1963,https://twitter.com/japo1963,Chavista,Chavista,Chavista
yicsoarrias,https://twitter.com/yicsoarrias,Chavista,Chavista,Chavista
GabrielHDEZZ,https://twitter.com/GabrielHDEZZ,Chavista,Chavista,Chavista
bricenojax1,https://twitter.com/bricenojax1,Chavista,Chavista,Chavista
edmelzp,https://twitter.com/edmelzp,Ninguno,Ninguno,Ninguno
debora13pereira,https://twitter.com/debora13pereira,Ninguno,Ninguno,Ninguno
realalejo,https://twitter.com/realalejo,Chavista,Chavista,Chavista
CatiraWhatsApp,https://twitter.com/CatiraWhatsApp,,,
FabiolaJoseVzla,https://twitter.com/FabiolaJoseVzla,Chavista,Chavista,Chavista
JSLugoR,https://twitter.com/JSLugoR,Chavista,Chavista,Chavista
omar_rivaspsuv,https://twitter.com/omar_rivaspsuv,Chavista,Chavista,Chavista
quiendijodonde,https://twitter.com/quiendijodonde,Chavista,Chavista,Chavista
mpoesiaradical,https://twitter.com/mpoesiaradical,Chavista,Ninguno,Ninguno
MechiAfonso,https://twitter.com/MechiAfonso,Chavista,Chavista,Chavista
Diosver_Linares,https://twitter.com/Diosver_Linares,,,
ojoCatatumbence,https://twitter.com/ojoCatatumbence,Chavista,Chavista,Chavista
RobertSerraBri2,https://twitter.com/RobertSerraBri2,Chavista,Chavista,Chavista
muderechos,https://twitter.com/muderechos,Chavista,Chavista,Chavista
Adriveronica1,https://twitter.com/Adriveronica1,Chavista,Chavista,Chavista
ExtRuralGuarico,https://twitter.com/ExtRuralGuarico,Chavista,Chavista,Chavista
Monagas_Fondas,https://twitter.com/Monagas_Fondas,Chavista,Chavista,Chavista
carleslleida,https://twitter.com/carleslleida,Chavista,Chavista,Chavista
mariaguerrera17,https://twitter.com/mariaguerrera17,Chavista,Chavista,Chavista
eloina_mogollon,https://twitter.com/eloina_mogollon,Chavista,Chavista,Chavista
ADILANYMACKOLL,https://twitter.com/ADILANYMACKOLL,Chavista,Chavista,Chavista
yinyerlyn,https://twitter.com/yinyerlyn,Chavista,Chavista,Chavista
jpsjpsuvarisme1,https://twitter.com/jpsjpsuvarisme1,Chavista,Chavista,Chavista
JavierAdaime,https://twitter.com/JavierAdaime,Ninguno,Ninguno,Ninguno
SAREN_MO386,https://twitter.com/SAREN_MO386,Chavista,Chavista,Chavista
LalaRIERA,https://twitter.com/LalaRIERA,Chavista,Chavista,Chavista
PensarAmericas,https://twitter.com/PensarAmericas,Chavista,Chavista,Chavista
Zugen82,https://twitter.com/Zugen82,Chavista,Chavista,Chavista
MACIASS23,https://twitter.com/MACIASS23,Chavista,Chavista,Chavista
DimitrieDas,https://twitter.com/DimitrieDas,Chavista,Chavista,Chavista
gastonmaldolato,https://twitter.com/gastonmaldolato,Ninguno,Ninguno,Ninguno
DuarteLismar,https://twitter.com/DuarteLismar,Chavista,Chavista,Chavista
damepamatala,https://twitter.com/damepamatala,Chavista,Chavista,Chavista
leeattow,https://twitter.com/leeattow,Ninguno,Ninguno,Ninguno
onealru,https://twitter.com/onealru,Chavista,Chavista,Chavista
indignado_sr,https://twitter.com/indignado_sr,Oposición,Oposición,Oposición
NotiCampina,https://twitter.com/NotiCampina,Oposición,Oposición,Oposición
JOHANAM_,https://twitter.com/JOHANAM_,Chavista,Chavista,Chavista
7punto83Hz,https://twitter.com/7punto83Hz,Chavista,Chavista,Chavista
Ejavierm21,https://twitter.com/Ejavierm21,Chavista,Chavista,Chavista
PoesiaGibran,https://twitter.com/PoesiaGibran,Chavista,Chavista,Chavista
pimiento1801,https://twitter.com/pimiento1801,Chavista,Chavista,Chavista
hectord1982,https://twitter.com/hectord1982,Chavista,Chavista,Chavista
chavarriana,https://twitter.com/chavarriana,Chavista,Chavista,Chavista
edgarless,https://twitter.com/edgarless,Chavista,Chavista,Chavista
miranda_aez,https://twitter.com/miranda_aez,Chavista,Chavista,Chavista
luisgomezca,https://twitter.com/luisgomezca,Chavista,Chavista,Chavista
franciscoprojas,https://twitter.com/franciscoprojas,Chavista,Chavista,Chavista
prensazees,https://twitter.com/prensazees,Chavista,Chavista,Chavista
ene.28,https://twitter.com/Ene28,Oposición,Oposición,Oposición
AnalisisdeCoyun,https://twitter.com/AnalisisdeCoyun,Chavista,Chavista,Chavista
MinMujerTrujill,https://twitter.com/MinMujerTrujill,Chavista,Chavista,Chavista
djdavid_,https://twitter.com/djdavid_,Chavista,Chavista,Chavista
mleerescribir,https://twitter.com/mleerescribir,Chavista,Chavista,Chavista
simgle,https://twitter.com/simgle,Chavista,Ninguno,Chavista
siemprecubano,https://twitter.com/siemprecubano,Chavista,Chavista,Chavista
RABSA_OFICIAL,https://twitter.com/RABSA_OFICIAL,Chavista,Chavista,Chavista
carladelmoral,https://twitter.com/carladelmoral,Ninguno,Ninguno,Ninguno
PabloMujica17,https://twitter.com/PabloMujica17,Chavista,Chavista,Chavista
InfoNodal,https://twitter.com/InfoNodal,Ninguno,Ninguno,Ninguno
lossaqueadores,https://twitter.com/lossaqueadores,Chavista,Chavista,Chavista
Labellareina65,https://twitter.com/Labellareina65,Chavista,Chavista,Chavista
joaquingarlo,https://twitter.com/joaquingarlo,Ninguno,Ninguno,Ninguno
SusanaChavista,https://twitter.com/SusanaChavista,Chavista,Chavista,Chavista
GPollaroli,https://twitter.com/GPollaroli,Chavista,Ninguno,Chavista
lopesaura,https://twitter.com/lopesaura,Oposición,Oposición,Oposición
ThisIsDi,https://twitter.com/ThisIsDi,Oposición,Oposición,Oposición
Jjavier_zAPATA,https://twitter.com/Jjavier_zAPATA,Chavista,Chavista,Chavista
UyO_Merlo,https://twitter.com/UyO_Merlo,Chavista,Ninguno,Ninguno
MASTERCELLJD,https://twitter.com/MASTERCELLJD,Oposición,Oposición,Oposición
Mnrr_NvaEsparta,https://twitter.com/Mnrr_NvaEsparta,Chavista,Chavista,Chavista
revolucion923,https://twitter.com/revolucion923,Chavista,Chavista,Chavista
ferrerdupuy,https://twitter.com/ferrerdupuy,Chavista,Chavista,Chavista
CiliaGuevara,https://twitter.com/CiliaGuevara,Ninguno,Chavista,Chavista
jcastillo_Vzla,https://twitter.com/jcastillo_Vzla,Chavista,Chavista,Chavista
NicolasMaduro,https://twitter.com/NicolasMaduro,Chavista,Chavista,Chavista
dcabellor,https://twitter.com/dcabellor,Chavista,Chavista,Chavista
jaarreaza,https://twitter.com/jaarreaza,Chavista,Chavista,Chavista
JauaMiranda,https://twitter.com/JauaMiranda,Chavista,Chavista,Chavista
jorgerpsuv,https://twitter.com/jorgerpsuv,Chavista,Chavista,Chavista
VillegasPoljak,https://twitter.com/VillegasPoljak,Chavista,Chavista,Chavista
ConCiliaFlores,https://twitter.com/ConCiliaFlores,Chavista,Chavista,Chavista
DrodriguezVen,https://twitter.com/DrodriguezVen,Chavista,Chavista,Chavista
RodriguezT4F,https://twitter.com/RodriguezT4F,Chavista,Chavista,Chavista
RRamirezVE,https://twitter.com/RRamirezVE,Chavista,Chavista,Chavista
blancaePSUV,https://twitter.com/blancaePSUV,Chavista,Chavista,Chavista
JacquelinePSUV,https://twitter.com/JacquelinePSUV,Chavista,Chavista,Chavista
TareckPSUV,https://twitter.com/TareckPSUV,Chavista,Chavista,Chavista
psuvaristobulo,https://twitter.com/psuvaristobulo,Chavista,Chavista,Chavista
HectoRodriguez,https://twitter.com/HectoRodriguez,Chavista,Chavista,Chavista
VielmaEsTachira,https://twitter.com/VielmaEsTachira,Chavista,Chavista,Chavista
irisvarela,https://twitter.com/irisvarela,Chavista,Chavista,Chavista
vladimirpadrino,https://twitter.com/vladimirpadrino,Chavista,Chavista,Chavista
RMarcoTorres,https://twitter.com/RMarcoTorres,Chavista,Chavista,Chavista
jdavidcabello,https://twitter.com/jdavidcabello,Chavista,Chavista,Chavista
wcastroPSUV,https://twitter.com/wcastroPSUV,Chavista,Chavista,Chavista
FreddyBernal,https://twitter.com/FreddyBernal,Chavista,Chavista,Chavista
AmeliachPSUV,https://twitter.com/AmeliachPSUV,Chavista,Chavista,Chavista
LaHojillaenTV,https://twitter.com/LaHojillaenTV,Chavista,Chavista,Chavista
maperezpirela,https://twitter.com/maperezpirela,Chavista,Chavista,Chavista
IzarraDeVerdad,https://twitter.com/IzarraDeVerdad,Chavista,Chavista,Chavista
Maby80,https://twitter.com/Maby80,Chavista,Chavista,Chavista
EscalonaJuanF,https://twitter.com/EscalonaJuanF,Chavista,Chavista,Chavista
taniapsuv,https://twitter.com/taniapsuv,Chavista,Chavista,Chavista
luisjmarcano,https://twitter.com/luisjmarcano,Chavista,Chavista,Chavista
Hernancanorea,https://twitter.com/Hernancanorea,Chavista,Chavista,Chavista
NestorReverol,https://twitter.com/NestorReverol,Chavista,Chavista,Chavista
CarlosMataCMF,https://twitter.com/CarlosMataCMF,Chavista,Chavista,Chavista
RoqueValero,https://twitter.com/RoqueValero,Chavista,Chavista,Chavista
vwinstonv,https://twitter.com/vwinstonv,Chavista,Chavista,Chavista
PedroCarreno_e,https://twitter.com/PedroCarreno_e,Chavista,Chavista,Chavista
AChavezPetroleo,https://twitter.com/AChavezPetroleo,Chavista,Chavista,Chavista
delpinoeulogio,https://twitter.com/delpinoeulogio,Chavista,Chavista,Chavista
ViejoAguero,https://twitter.com/ViejoAguero,Chavista,Chavista,Chavista
saulortegapsuv,https://twitter.com/saulortegapsuv,Chavista,Chavista,Chavista
hugocarvajal4f,https://twitter.com/hugocarvajal4f,Chavista,Chavista,Chavista
dipcarlosf99,https://twitter.com/dipcarlosf99,Chavista,Chavista,Chavista
yelitzePSUV_,https://twitter.com/yelitzePSUV_,Chavista,Chavista,Chavista
EuribesGuevara,https://twitter.com/EuribesGuevara,Chavista,Chavista,Chavista
juanbarretoc,https://twitter.com/juanbarretoc,Chavista,Chavista,Chavista
dariovivaspsuv,https://twitter.com/dariovivaspsuv,Chavista,Chavista,Chavista
DanielPSUV,https://twitter.com/DanielPSUV,Chavista,Chavista,Chavista
BerroteranPSUV,https://twitter.com/BerroteranPSUV,Chavista,Chavista,Chavista
cfariat,https://twitter.com/cfariat,Chavista,Chavista,Chavista
MiguelPerezAbad,https://twitter.com/MiguelPerezAbad,Chavista,Chavista,Chavista