TraficcPatriaBO,"RETORNANDO LA VERDAD AL ESTADO BOLIVAR."
TraficcPatriaBO,"RETORNANDO LA VERDAD AL ESTADO BOLIVAR."
TraficcPatriaBO,"RETORNANDO LA VERDAD AL ESTADO BOLIVAR."
TraficcPatriaBO,"RETORNANDO LA VERDAD AL ESTADO BOLIVAR."
TraficcPatriaBO,"RETORNANDO LA VERDAD AL ESTADO BOLIVAR."
TraficcPatriaBO,"RETORNANDO LA VERDAD AL ESTADO BOLIVAR."
Sandoval_Vzla,"Futuro Abog. estar√© en FORBES como El Magnate de Vzla, Proyecto: #Dubaizuela !Un Pa√≠s Potencia y de PROGRESO¬° | Hincha de #RIVER y #RealMadrid"
XaviMoralesPR,"If you are an American trying to pledge allegiance to DAESH, I hope the FBI drags you off and waterboards you!
 #IamNotISIS 
#FreePalestine"
TraficcPatriaBO,"RETORNANDO LA VERDAD AL ESTADO BOLIVAR."
TraficcPatriaBO,"RETORNANDO LA VERDAD AL ESTADO BOLIVAR."
TraficcPatriaBO,"RETORNANDO LA VERDAD AL ESTADO BOLIVAR."
TraficcPatriaBO,"RETORNANDO LA VERDAD AL ESTADO BOLIVAR."
TraficcPatriaBO,"RETORNANDO LA VERDAD AL ESTADO BOLIVAR."
TraficcPatriaBO,"RETORNANDO LA VERDAD AL ESTADO BOLIVAR."
tequeno_mx,"Soy el teque√±o que nunca falta en las fiestas!... Si eres chavista har√© todo para que nunca m√°s vivas tranquilo! ... #ExChavista"
TraficcPatriaBO,"RETORNANDO LA VERDAD AL ESTADO BOLIVAR."
TraficcPatriaBO,"RETORNANDO LA VERDAD AL ESTADO BOLIVAR."
TraficcPatriaBO,"RETORNANDO LA VERDAD AL ESTADO BOLIVAR."
TraficcPatriaBO,"RETORNANDO LA VERDAD AL ESTADO BOLIVAR."
japalbarran,"Informatico Revolucionario Con Dios en el Corazon"
TraficcPatriaBO,"RETORNANDO LA VERDAD AL ESTADO BOLIVAR."
TraficcPatriaBO,"RETORNANDO LA VERDAD AL ESTADO BOLIVAR."
TraficcPatriaBO,"RETORNANDO LA VERDAD AL ESTADO BOLIVAR."
TraficcPatriaBO,"RETORNANDO LA VERDAD AL ESTADO BOLIVAR."
besanseb,"Mujer profesional. licenciada en Educaci√≤n, Patriota y Revolucionaria... CHAVISTA Hasta los ultimos Dias de Mi Vida y mas alla de Ella Luchadora Social"
TraficcPatriaBO,"RETORNANDO LA VERDAD AL ESTADO BOLIVAR."
TraficcPatriaBO,"RETORNANDO LA VERDAD AL ESTADO BOLIVAR."
camobe2,"Chavista come ni√±os, seguidor de los ideales Bolivarianos, F√≠sico ULA, ciencia, linuxero, RNA'S, ateo y de paso Acabaropa #TROPA"
camobe2,"Chavista come ni√±os, seguidor de los ideales Bolivarianos, F√≠sico ULA, ciencia, linuxero, RNA'S, ateo y de paso Acabaropa #TROPA"
camobe2,"Chavista come ni√±os, seguidor de los ideales Bolivarianos, F√≠sico ULA, ciencia, linuxero, RNA'S, ateo y de paso Acabaropa #TROPA"
TraficcPatriaBO,"RETORNANDO LA VERDAD AL ESTADO BOLIVAR."
TraficcPatriaBO,"RETORNANDO LA VERDAD AL ESTADO BOLIVAR."
camobe2,"Chavista come ni√±os, seguidor de los ideales Bolivarianos, F√≠sico ULA, ciencia, linuxero, RNA'S, ateo y de paso Acabaropa #TROPA"
camobe2,"Chavista come ni√±os, seguidor de los ideales Bolivarianos, F√≠sico ULA, ciencia, linuxero, RNA'S, ateo y de paso Acabaropa #TROPA"
camobe2,"Chavista come ni√±os, seguidor de los ideales Bolivarianos, F√≠sico ULA, ciencia, linuxero, RNA'S, ateo y de paso Acabaropa #TROPA"
AguilaRey1,"#BolivarianoYChavista!!  Socialista, Antiimperialista. 
Amante de la buena musica y Defensor de los animales.
#UnMundoMejorEsPosible"
TraficcPatriaBO,"RETORNANDO LA VERDAD AL ESTADO BOLIVAR."
TraficcPatriaBO,"RETORNANDO LA VERDAD AL ESTADO BOLIVAR."
TraficcPatriaBO,"RETORNANDO LA VERDAD AL ESTADO BOLIVAR."
TraficcPatriaBO,"RETORNANDO LA VERDAD AL ESTADO BOLIVAR."
TraficcPatriaBO,"RETORNANDO LA VERDAD AL ESTADO BOLIVAR."
TraficcPatriaBO,"RETORNANDO LA VERDAD AL ESTADO BOLIVAR."
Labellareina65,"Siento el Caribe y a la Am√©rica como una Mujer! Llevo el Cuatro en el Coraz√≥n y a la Patria, Bol√≠var y a Chavez en Mi Ser. Soy as√≠, As√≠ Soy!"
Labellareina65,"Siento el Caribe y a la Am√©rica como una Mujer! Llevo el Cuatro en el Coraz√≥n y a la Patria, Bol√≠var y a Chavez en Mi Ser. Soy as√≠, As√≠ Soy!"
TraficcPatriaBO,"RETORNANDO LA VERDAD AL ESTADO BOLIVAR."
ZuzanTabet,"@chavezcandanga  ¬°Te voy Amar por el resto de mi vida! ‚ô•ChavistaPorSiempre!‚≠ê/‚ñî‚ñ°‚ñî)‚ô•/=Mi Amigo, Hugo Ch√°vez,  Siempre...te ser√© fiel mi Comandante!"
EduardoMolina67,"Venezolano, Bolivariano y Chavista.
En Revoluci√≥n est√° el verdadero camino hacia la Paz. #ChavismoEsPaz #ConstituyenteXLaPAZ"
MeDicenEd_,"Lvl 22. Fotograf√≠a y V√≠deo. Ig: edgardopirela. Snap: edgardopirelaa"
TraficcPatriaBO,"RETORNANDO LA VERDAD AL ESTADO BOLIVAR."
TraficcPatriaBO,"RETORNANDO LA VERDAD AL ESTADO BOLIVAR."
TraficcPatriaBO,"RETORNANDO LA VERDAD AL ESTADO BOLIVAR."
TraficcPatriaBO,"RETORNANDO LA VERDAD AL ESTADO BOLIVAR."
TraficcPatriaBO,"RETORNANDO LA VERDAD AL ESTADO BOLIVAR."
TraficcPatriaBO,"RETORNANDO LA VERDAD AL ESTADO BOLIVAR."
EduardoMolina67,"Venezolano, Bolivariano y Chavista.
En Revoluci√≥n est√° el verdadero camino hacia la Paz. #ChavismoEsPaz #ConstituyenteXLaPAZ"
TraficcPatriaBO,"RETORNANDO LA VERDAD AL ESTADO BOLIVAR."
TraficcPatriaBO,"RETORNANDO LA VERDAD AL ESTADO BOLIVAR."
TraficcPatriaBO,"RETORNANDO LA VERDAD AL ESTADO BOLIVAR."
TraficcPatriaBO,"RETORNANDO LA VERDAD AL ESTADO BOLIVAR."
angelfpf1958,"De pensamiento Bolivariano, socialista, Chavista y apoyando al Presidente Maduro hasta en el combate mas duro q nos de la contra revoluci√≥n."
TraficcPatriaBO,"RETORNANDO LA VERDAD AL ESTADO BOLIVAR."
angelfpf1958,"De pensamiento Bolivariano, socialista, Chavista y apoyando al Presidente Maduro hasta en el combate mas duro q nos de la contra revoluci√≥n."
angelfpf1958,"De pensamiento Bolivariano, socialista, Chavista y apoyando al Presidente Maduro hasta en el combate mas duro q nos de la contra revoluci√≥n."
TraficcPatriaBO,"RETORNANDO LA VERDAD AL ESTADO BOLIVAR."
TraficcPatriaBO,"RETORNANDO LA VERDAD AL ESTADO BOLIVAR."
jorgern18,"DCR-619"
TraficcPatriaBO,"RETORNANDO LA VERDAD AL ESTADO BOLIVAR."
TraficcPatriaBO,"RETORNANDO LA VERDAD AL ESTADO BOLIVAR."
TraficcPatriaBO,"RETORNANDO LA VERDAD AL ESTADO BOLIVAR."
TraficcPatriaBO,"RETORNANDO LA VERDAD AL ESTADO BOLIVAR."
TraficcPatriaBO,"RETORNANDO LA VERDAD AL ESTADO BOLIVAR."
TraficcPatriaBO,"RETORNANDO LA VERDAD AL ESTADO BOLIVAR."
TraficcPatriaBO,"RETORNANDO LA VERDAD AL ESTADO BOLIVAR."
TraficcPatriaBO,"RETORNANDO LA VERDAD AL ESTADO BOLIVAR."
TraficcPatriaBO,"RETORNANDO LA VERDAD AL ESTADO BOLIVAR."
TraficcPatriaBO,"RETORNANDO LA VERDAD AL ESTADO BOLIVAR."
TraficcPatriaBO,"RETORNANDO LA VERDAD AL ESTADO BOLIVAR."
TraficcPatriaBO,"RETORNANDO LA VERDAD AL ESTADO BOLIVAR."
novenodelta,"Siempre hay alguien viendo. üíé

Patente No. 6630507 #420"
TraficcPatriaBO,"RETORNANDO LA VERDAD AL ESTADO BOLIVAR."
TraficcPatriaBO,"RETORNANDO LA VERDAD AL ESTADO BOLIVAR."
IamaisLib,"Cuenta Oficial del Instituto Aut√≥nomo Municipal de Atenci√≥n Integral para la Inclusi√≥n Social de la Alcald√≠a Bolivariana del Municipio Libertador."
TraficcPatriaBO,"RETORNANDO LA VERDAD AL ESTADO BOLIVAR."
TraficcPatriaBO,"RETORNANDO LA VERDAD AL ESTADO BOLIVAR."
TraficcPatriaBO,"RETORNANDO LA VERDAD AL ESTADO BOLIVAR."
TraficcPatriaBO,"RETORNANDO LA VERDAD AL ESTADO BOLIVAR."
TraficcPatriaBO,"RETORNANDO LA VERDAD AL ESTADO BOLIVAR."
TraficcPatriaBO,"RETORNANDO LA VERDAD AL ESTADO BOLIVAR."
TraficcPatriaBO,"RETORNANDO LA VERDAD AL ESTADO BOLIVAR."
TraficcPatriaBO,"RETORNANDO LA VERDAD AL ESTADO BOLIVAR."
TraficcPatriaBO,"RETORNANDO LA VERDAD AL ESTADO BOLIVAR."
TraficcPatriaBO,"RETORNANDO LA VERDAD AL ESTADO BOLIVAR."
TraficcPatriaBO,"RETORNANDO LA VERDAD AL ESTADO BOLIVAR."
besanseb,"Mujer profesional. licenciada en Educaci√≤n, Patriota y Revolucionaria... CHAVISTA Hasta los ultimos Dias de Mi Vida y mas alla de Ella Luchadora Social"
judithg35186540,""
TraficcPatriaBO,"RETORNANDO LA VERDAD AL ESTADO BOLIVAR."
TraficcPatriaBO,"RETORNANDO LA VERDAD AL ESTADO BOLIVAR."
chavez_arrecho,"Revolucionario de coraz√≥n, chavista SI madurista NO, contra los guisos que se cometen en @carabobogb #ChavezVive los guisos siguen. #HijoDeChavez"
chavez_arrecho,"Revolucionario de coraz√≥n, chavista SI madurista NO, contra los guisos que se cometen en @carabobogb #ChavezVive los guisos siguen. #HijoDeChavez"
pedro_tabares,"Abogado Concejal Suplente PSUV Bermudez Edo. Sucre. Socialista Radical y Patria o Muerte con el Comandante Chavez. #CRBZista"
TraficcPatriaBO,"RETORNANDO LA VERDAD AL ESTADO BOLIVAR."
TraficcPatriaBO,"RETORNANDO LA VERDAD AL ESTADO BOLIVAR."
caiman_politico,"Les damos duro en en la verdad que es donde mas les duele"
TraficcPatriaBO,"RETORNANDO LA VERDAD AL ESTADO BOLIVAR."
TraficcPatriaBO,"RETORNANDO LA VERDAD AL ESTADO BOLIVAR."
peralesjj11,"Radical E Irremediablemente CHAVISTA Y AntiImperialista. Rumbo A La AsambleaNacionalConstituyente. LEALTAD TOTAL AL CMDTE CH√ÄVEZ Y NICOL√ÄS MADURO. Ch√†vezVive"
marihemartin,"Radicalmente Chavista, activa en la lucha diaria por la continuidad de la Patria Independiente y Socialista, inspirada en HUGO CH√ÅVEZ y en sinton√≠a con Dios! 
¬†"
marihemartin,"Radicalmente Chavista, activa en la lucha diaria por la continuidad de la Patria Independiente y Socialista, inspirada en HUGO CH√ÅVEZ y en sinton√≠a con Dios! 
¬†"
noelkucich,"Father, Husband, Technology lover, Boca Raton based Architect and Certified General Contractor."
Labellareina65,"Siento el Caribe y a la Am√©rica como una Mujer! Llevo el Cuatro en el Coraz√≥n y a la Patria, Bol√≠var y a Chavez en Mi Ser. Soy as√≠, As√≠ Soy!"
TraficcPatriaBO,"RETORNANDO LA VERDAD AL ESTADO BOLIVAR."
TraficcPatriaBO,"RETORNANDO LA VERDAD AL ESTADO BOLIVAR."
TraficcPatriaBO,"RETORNANDO LA VERDAD AL ESTADO BOLIVAR."
TraficcPatriaBO,"RETORNANDO LA VERDAD AL ESTADO BOLIVAR."
marihemartin,"Radicalmente Chavista, activa en la lucha diaria por la continuidad de la Patria Independiente y Socialista, inspirada en HUGO CH√ÅVEZ y en sinton√≠a con Dios! 
¬†"
marihemartin,"Radicalmente Chavista, activa en la lucha diaria por la continuidad de la Patria Independiente y Socialista, inspirada en HUGO CH√ÅVEZ y en sinton√≠a con Dios! 
¬†"
marihemartin,"Radicalmente Chavista, activa en la lucha diaria por la continuidad de la Patria Independiente y Socialista, inspirada en HUGO CH√ÅVEZ y en sinton√≠a con Dios! 
¬†"
TraficcPatriaBO,"RETORNANDO LA VERDAD AL ESTADO BOLIVAR."
ZuzanTabet,"@chavezcandanga  ¬°Te voy Amar por el resto de mi vida! ‚ô•ChavistaPorSiempre!‚≠ê/‚ñî‚ñ°‚ñî)‚ô•/=Mi Amigo, Hugo Ch√°vez,  Siempre...te ser√© fiel mi Comandante!"
TraficcPatriaBO,"RETORNANDO LA VERDAD AL ESTADO BOLIVAR."
OMARPEROZZOPSUV,"ALERTA Y ATENTO .... A MIS CAMARADAS ME LOS IMPONE LA REVOLUCION PERO MIS AMIGOS LOS ELIJO YO , EN COMBATE ETERNO...CHAVISTA HASTA MI ULTIMO ALIENTO"
TraficcPatriaBO,"RETORNANDO LA VERDAD AL ESTADO BOLIVAR."
